NewAuthorId	FirstYear
8823	1981
9499	1985
41274	2012
47932	2004
50362	2003
60680	2010
70662	2000
75839	1999
81310	1998
89675	2000
89866	1989
100408	1988
101674	1987
110893	1995
117889	2004
119127	1985
122758	1993
142427	1994
146468	1984
161439	1991
166977	1992
175321	1981
178269	1983
178413	1990
196176	1980
197699	1991
202108	1988
218988	1978
222809	1989
235261	1976
253252	1978
257893	2002
264498	1975
265402	1985
294849	1973
307068	1970
317909	1991
328338	1976
334216	1981
357832	1989
369046	2004
378922	1983
381734	1997
419558	1977
420579	2000
433709	2002
437865	1977
439912	1971
454029	1987
463789	1975
535644	1979
569356	2011
571584	1974
576066	2008
605345	1985
612434	1976
642788	2007
670037	1967
680355	1974
682849	1976
759935	1976
783226	2005
783923	1974
786409	2000
878688	2010
982168	1973
989145	2005
1002126	2003
1089826	1974
1114199	1997
1117484	2003
1191667	1973
1194785	1970
1241986	2004
1357040	2002
1461829	2001
1540030	2010
1554193	1995
1573886	2001
1749453	1994
1766245	1977
1818731	1964
1840810	1998
1890970	1999
1994261	1998
2156072	1996
2171735	2001
2187901	1976
2208214	2004
2213673	1995
2215645	1993
2225358	1989
2269879	1994
2290788	1971
2311673	2000
2331124	1992
2353970	1968
2387220	1968
2402383	1989
2534487	2003
2554179	1997
2575010	1988
2627522	1976
2672223	1993
2704749	1998
2718454	1997
2766087	1999
2791010	1992
2804008	1977
2846091	1989
2860792	1974
2878292	1996
2987904	1978
2997255	2002
3018311	2009
3051874	1995
3056425	1985
3069284	1989
3092399	1978
3093303	1995
3185968	1994
3190584	1935
3339582	1995
3396332	1996
3399609	1920
3539778	2008
3598961	1985
3621178	1988
3653584	1985
3664340	1974
3678056	1970
3702844	2004
3788113	1966
3891845	1994
3894449	2010
3907322	1997
3924161	1992
3927171	1972
3954344	1989
3958554	2000
3961744	1973
3964857	1988
3967048	2007
4009538	1990
4018707	1993
4023100	2008
4028932	1983
4031051	1989
4055581	1996
4072062	1990
4101601	1993
4106110	1981
4134073	1992
4197063	1999
4282058	1998
4398954	1969
4411345	1983
4454936	2007
4477988	1998
4556467	1981
4587028	1988
5307172	1985
5328187	2005
5333018	1990
5342269	1992
5368106	1994
5386673	1995
5397350	1985
5473402	1982
5492846	1993
5507862	2000
5564492	2008
5628555	1999
5652812	2005
5673257	1996
5693079	2006
5709905	1991
5755730	2007
5756262	1990
5761667	1988
5806951	1979
5822868	2009
5831704	2003
5842964	1968
5843068	2004
5882239	1997
5884678	1990
5909140	1996
5928048	1985
5957465	1992
5984971	2008
6049572	1989
6054927	1990
6066813	1981
6080606	1999
6106863	1981
6128224	2013
6136434	1994
6143662	2000
6171019	1993
6184793	1997
6209458	2006
6211491	2012
6232487	2007
6233220	1976
6253550	2012
6263190	1992
6279536	2004
6292716	1988
6294910	1977
6354562	1999
6360891	1991
6403172	2012
6404183	1998
6437986	1983
6446525	1994
6468720	2002
6473131	2002
6509820	1976
6517214	1968
6544329	1976
6590989	1987
6604643	1990
6620134	1995
6621500	2002
6622953	1989
6629463	1981
6705583	1986
6725746	2005
6735184	2003
6803265	1994
6819804	2007
6857744	1983
6899249	2003
6920774	1980
6921051	2003
6940832	1993
6962035	2004
6968025	1913
6969135	1967
6969468	2004
6975374	2007
6978134	1975
6991019	1989
6999439	1989
7071523	1974
7085088	1978
7088439	1998
7119960	2002
7193752	1999
7212485	1989
7229915	1985
7233679	1995
7234796	1986
7241443	1992
7258172	1988
7273247	1988
7277889	1976
7289302	1979
7296171	2009
7297285	2006
7300351	1987
7314477	2003
7385223	1996
7426095	1980
7447298	2001
7450369	1993
7456309	1976
7486047	1987
7509759	1978
7532213	2001
7569268	2012
7572545	1991
7580536	1970
7581181	2011
7596454	1992
7612883	2012
7625696	1987
7629090	1995
7641531	1987
7661027	2000
7670821	1994
7671320	2003
7680824	2000
7718726	1997
7772237	1992
7783336	1988
7812034	2007
7814957	1977
7860748	1983
7865229	1975
7865711	1971
7877895	1994
7882851	1995
7939626	1998
7976596	1976
7979572	2009
7980814	2009
7995744	2006
8001747	1997
8010156	1981
8019193	2001
8020813	1989
8031660	1976
8048244	1997
8052098	1981
8062691	1998
8080009	2000
8107557	1991
8133523	1981
8145993	2000
8166737	1973
8217718	1995
8235253	1993
8247935	2008
8259884	1978
8269960	1993
8280312	1980
8284016	1981
8295326	1987
8302372	1969
8307448	1985
8311703	2006
8323649	2002
8364723	1980
8370582	2004
8374375	2001
8375368	1988
8390755	1993
8394309	1964
8416907	1994
8425798	1999
8450023	1975
8481259	1989
8481536	2007
8497461	1970
8507519	2007
8516451	2004
8518613	1989
8532909	1995
8547689	1997
8558347	2007
8576556	1974
8579774	1977
8607863	1992
8647552	2004
8678334	2007
8684362	1998
8689452	1979
8694574	1978
8694989	2008
8718083	1980
8732389	2006
8760565	1997
8772102	1999
8780462	1979
8781827	1988
8800888	1973
8813087	1997
8834202	1976
8854962	1982
8866067	1988
8867576	1969
8894834	2003
8930240	1984
8942970	1976
8943103	2003
8948668	1983
8970729	1991
8981639	1999
9002816	1976
9017762	1977
9022159	1993
9024366	1988
9036870	1968
9038248	1998
9074503	2005
9079848	1968
9088008	2002
9092606	1978
9147578	1992
9157048	1990
9180821	1989
9187841	1995
9199454	1997
9205154	1998
9220034	1990
9240704	1997
9257954	1995
9285872	1981
9302605	1981
9313165	1976
9313646	2002
9313684	2002
9316258	2005
9336917	1995
9338416	1995
9362435	2009
9382879	1978
9391789	1998
9400859	1994
9408829	1993
9419639	1977
9454617	1991
9470666	2001
9474323	1967
9480810	1994
9489070	1994
9519466	1987
9529052	1989
9537268	1992
9541016	1988
9556000	1993
9559064	2002
9592531	1980
9619349	1980
9623237	1998
9630783	1971
9646590	1984
9652838	1976
9658954	1974
9678285	1995
9723528	1977
9731455	2009
9744361	2000
9748938	1997
9750173	1976
9760465	2003
9795252	2005
9810473	1973
9856817	2008
9864151	1912
9873026	2001
9887830	1999
9914460	1990
9924049	2004
9939507	1995
9949490	1994
9954122	1990
9954251	1975
9965767	1995
9968678	1996
9972096	2008
9980943	1997
9989978	1994
9993377	1994
10016449	1995
10035984	1994
10037283	1974
10041549	2001
10042921	1989
10059583	1976
10096002	1976
10129313	2000
10129623	2006
10144794	1992
10151893	2004
10159742	2008
10162053	1979
10168440	1987
10178158	1968
10182287	2004
10184687	1980
10185168	1985
10186134	2000
10188887	2006
10234360	1993
10259900	2005
10260994	1981
10268059	1999
10286614	1994
10306679	2007
10362245	1970
10378735	1978
10378891	1973
10381134	1968
10387550	1981
10393227	1975
10405499	1992
10413965	2004
10427660	1990
10430369	1988
10435798	1970
10454101	2009
10467483	2000
10477175	1989
10492111	1985
10511526	2013
10511787	1992
10529574	1974
10538551	1998
10548253	1998
10576591	2000
10593395	1983
10595362	1980
10610491	1978
10634372	2010
10654937	1991
10677091	1999
10693750	2001
10705117	2006
10707338	2009
10776467	2004
10779509	1975
10797418	1993
10805200	1995
10831765	2001
10833617	2004
10890152	1974
10891181	2002
10915893	1975
10916018	1973
10921363	2001
10922441	2002
10924941	2001
10935262	2008
10942521	1991
10961939	1994
10979319	1970
10991668	1988
10994176	1980
10999957	1995
11002008	1989
11003639	2013
11011362	1999
11013904	1999
11019094	1977
11028697	1991
11039161	2009
11049502	1995
11053518	1995
11058734	1997
11060422	1992
11066736	1988
11082489	2001
11113675	1994
11115312	1999
11116843	1995
11136505	1991
11149638	2000
11159927	2006
11169202	1994
11171066	1994
11173584	2002
11178464	1985
11187540	2006
11188690	1964
11209739	2009
11212645	1970
11222956	2002
11233408	1998
11293838	1993
11294789	1999
11295040	1973
11318345	1990
11324304	2008
11338110	2007
11339693	1976
11356623	1981
11356742	1994
11386902	1998
11393386	2007
11393804	2003
11408166	1994
11416593	2008
11420872	2004
11449228	1990
11456948	1992
11481713	1979
11506303	2001
11509951	1968
11519084	2005
11527648	1982
11551180	1985
11560074	1989
11560909	1988
11562096	2012
11571195	1921
11575502	1989
11581517	1970
11601427	1971
11616616	1989
11620993	1994
11623770	2009
11626899	1993
11627028	2000
11644947	1987
11662705	1997
11673751	1986
11680529	2004
11693553	1981
11729364	1997
11738325	2002
11750514	1985
11763962	2001
11768252	2005
11786589	1989
11844243	1989
11860365	1969
11874155	1977
11920173	1977
11932801	1991
11935661	2002
11950115	1989
11962132	1981
11965626	2005
11968895	1976
12009177	1997
12014922	2007
12025870	1981
12027401	1998
12031835	2003
12073098	1991
12101945	1997
12105912	2000
12113137	2003
12129869	2010
12143510	1993
12145224	2000
12149485	1997
12159749	1981
12162227	2001
12172772	1964
12190705	1988
12205290	2002
12232976	1995
12259682	1974
12259797	1992
12264539	1991
12277551	1988
12294247	1967
12335706	1995
12344550	2005
12347740	1975
12347751	1999
12350329	1985
12350699	2005
12363732	1996
12373101	1975
12373488	1988
12389541	1996
12404630	2007
12429650	1992
12430767	1993
12436710	1996
12455514	1997
12478748	1996
12484724	2000
12497437	1993
12500728	1980
12501223	2013
12517639	1977
12561466	1998
12563430	1976
12585157	1982
12614978	2004
12615502	1974
12705711	2011
12709461	1969
12711371	1988
12717581	2002
12737624	2004
12748243	2003
12749057	1972
12749589	2000
12808298	1995
12825536	2004
12864189	1992
12878378	1988
12891363	2004
12897286	1992
12916739	2002
12928956	1987
12937327	1999
12941491	1995
12952775	2004
12964235	2002
12996819	2010
12998812	1979
13016851	1997
13017173	1991
13019409	1998
13022821	2009
13031045	1988
13070841	1973
13080543	2003
13096541	1986
13104000	1990
13105159	1975
13111124	1913
13139100	1997
13139309	1981
13170269	1996
13185305	2008
13212645	1985
13214278	2004
13228848	1987
13230865	2009
13242603	1999
13261720	2004
13264509	1969
13266382	1994
13292973	1968
13315103	1964
13321425	1987
13328408	2009
13350765	1983
13370563	1996
13406347	1994
13414082	1980
13421616	1994
13423726	1975
13424643	2002
13436578	1999
13436700	1995
13441624	2002
13469816	1969
13470475	1994
13480896	1975
13499696	2001
13504406	1998
13505377	1979
13508265	2003
13542626	1998
13546787	1968
13550957	1987
13614555	2008
13632500	1964
13673708	1974
13708021	2001
13724622	1980
13735906	2009
13749400	1998
13751140	1999
13767260	1991
13779295	1985
13779752	1995
13790139	1968
13818809	1981
13833760	2004
13838033	2008
13840940	2010
13894152	1912
13931804	1995
13934754	1996
13951163	1994
13967959	1970
13979208	1992
13982609	1993
13990317	2001
14000095	1970
14001706	1993
14019093	1983
14023677	1969
14028891	1985
14029168	1998
14029724	2003
14064927	1987
14065542	1989
14089144	1976
14109082	1985
14166900	1997
14178484	1977
14182288	1996
14204666	2005
14209194	1917
14211509	1973
14252608	1996
14255218	1970
14264453	2004
14282542	1973
14286322	1989
14313143	1981
14337892	1993
14376318	1995
14424543	1994
14427885	2006
14481361	2001
14511693	1993
14535898	2006
14555355	2007
14611920	1964
14632531	1997
14634103	1995
14675163	2004
14720843	1972
14737812	2004
14745329	1989
14756479	1988
14765401	1971
14778327	1993
14797229	2004
14797455	1993
14798915	1997
14800498	1984
14814462	2003
14826145	2003
14862536	2005
14894214	2009
14920478	1983
14921763	1976
14923231	1998
14940030	1997
14942784	1992
14953093	1968
14955421	2005
14958304	1987
14969363	1996
15020120	1983
15038511	1994
15056441	1992
15059432	2002
15059888	1981
15098364	1987
15123193	2002
15181241	2000
15200106	1968
15226990	2000
15250223	1983
15283227	1970
15288388	2010
15313057	1994
15321240	2002
15332038	2003
15340729	1975
15361395	1967
15435714	1976
15440924	1987
15452428	1985
15454978	1995
15464532	1991
15502905	1989
15511014	1999
15533674	2002
15568923	2007
15572849	1985
15574323	1991
15605060	1976
15608463	1991
15620675	2009
15657916	1995
15662953	1993
15667151	1997
15676247	1994
15686548	2002
15746249	2008
15753531	1981
15763788	1985
15782110	1995
15786441	1996
15835872	1985
15848891	1996
15863232	1968
15894457	1996
15923016	1992
15927950	2013
15928438	1988
15930085	1968
15980183	1983
15998041	2001
16009167	2002
16025415	1994
16060434	2004
16077086	2012
16104954	1995
16120030	1995
16125800	1988
16157460	1991
16163742	1976
16164326	1992
16170605	1973
16213736	1974
16218228	1968
16219611	1981
16232443	1994
16281900	1967
16311878	2004
16313264	2005
16332565	2003
16356649	1991
16365220	1995
16406282	1997
16408905	1995
16410106	1977
16413490	2002
16434937	1981
16451616	1998
16473166	1974
16475854	1969
16483527	1981
16503626	2011
16509017	1977
16524646	1964
16527966	1969
16553531	2000
16564339	2001
16566876	2009
16578013	2001
16596447	1995
16618524	2007
16635784	2004
16652376	2008
16668494	1976
16682759	1991
16686666	1997
16712847	1989
16756476	1995
16777768	1981
16791295	2003
16823794	1993
16827902	1986
16869624	1997
16896594	2004
16927944	2014
16953239	1985
16964992	2004
17002467	1983
17007530	1976
17007840	2008
17008682	2005
17021443	1994
17023631	1927
17028337	1998
17055396	1990
17055502	1973
17101670	1980
17105747	2018
17106650	1991
17123059	2002
17124622	2005
17129462	1979
17138118	1989
17143702	1993
17155270	2003
17167559	1994
17173801	1979
17201322	2001
17202411	2004
17205791	1988
17218409	1994
17233109	1978
17233464	1987
17273352	1990
17294035	2003
17299796	1992
17322958	2002
17341585	1971
17406190	2002
17435947	1981
17437741	2000
17441333	1992
17462505	1993
17490220	1983
17496527	1976
17519062	1990
17566164	2003
17566314	1994
17618343	1995
17620832	1984
17625770	2010
17638252	1979
17647072	2012
17647484	1912
17650100	1989
17665277	1985
17735229	1997
17743847	1995
17854555	1973
17898211	2004
17930384	1989
17999818	2013
18011876	1977
18058306	1997
18060086	2008
18082365	1985
18107473	1990
18202547	2008
18204781	2003
18207633	1995
18214950	2000
18231086	1969
18243748	1984
18259102	2009
18277283	2010
18312211	1969
18323784	1985
18360484	1997
18391353	1990
18392162	1992
18410452	2003
18423835	1991
18435899	1980
18452891	2002
18466619	1976
18472898	1993
18482130	1977
18494035	1997
18506168	1983
18526288	1995
18535547	2000
18539216	2003
18568619	2010
18570651	1993
18575591	1985
18577783	1999
18648669	1985
18656481	1997
18708104	1997
18745297	1993
18795267	2010
18838827	1975
18840644	1981
18862265	2002
18898760	1989
18951391	1981
18961606	1979
18983541	1989
19024334	1968
19043570	1999
19056336	1992
19066158	1981
19069414	1993
19099249	1976
19103661	1986
19104293	1998
19125479	1912
19128100	2001
19160563	1998
19175218	2007
19196069	1996
19202130	2004
19251789	2002
19259367	1993
19298086	1993
19315851	1974
19348823	1985
19349074	2001
19362462	1993
19367552	2000
19447284	1995
19487346	1987
19508117	1989
19513303	1994
19530920	2008
19531009	1982
19563581	2002
19579773	1976
19594946	1997
19604189	1998
19634677	1981
19654095	1992
19663280	1997
19679766	1980
19729444	2001
19751391	1977
19769305	1994
19775201	1985
19799945	1997
19830851	1997
19840172	1990
19842254	2004
19852101	1998
19856586	1981
19866308	1980
19872956	1996
19893903	2005
19909557	1995
19930153	2006
19964126	2002
19980024	1994
19987027	1995
20006531	1983
20020480	1974
20025226	1979
20066195	1988
20105299	1999
20123211	2002
20191948	1981
20211841	1990
20215238	1997
20227334	1999
20254232	1990
20256151	1995
20262908	2008
20314263	1988
20340647	1991
20344464	1976
20364607	2009
20393132	1996
20427747	1980
20469215	2004
20472027	1995
20534351	1995
20586486	1985
20605383	2009
20668244	1994
20723488	2006
20735851	1967
20743778	1980
20748528	1998
20755315	2003
20757122	1997
20774123	1999
20780620	2008
20800017	2004
20803971	1972
20806251	1983
20811942	1967
20814086	2000
20824026	1995
20839962	1999
20846001	2005
20856390	1978
20889774	1977
20892629	1994
20911329	1983
20936434	1976
20957689	1996
20973863	1998
20994055	2007
21015136	2005
21029443	1981
21031619	1993
21048001	1994
21089941	2005
21101945	1995
21118797	2004
21131043	1997
21186067	2008
21191229	2016
21197326	1992
21197412	1968
21211627	1998
21212588	1978
21217036	1974
21232785	2000
21244822	2004
21255126	1991
21301681	2001
21301690	2003
21307511	1968
21309764	1985
21319591	1985
21442709	1988
21449264	1998
21457009	1991
21465340	1985
21465796	1998
21477187	1997
21509821	1983
21519510	1985
21560697	1994
21562142	1997
21573634	2007
21612645	2004
21616947	1994
21618559	2002
21628949	1998
21668487	1979
21736759	2008
21741982	2000
21747840	1983
21749437	1993
21767400	2001
21796819	1997
21802190	2001
21813886	2008
21873372	1981
21880222	1995
21899565	1991
21920279	1964
21951343	1975
21985180	2004
22000768	2006
22029473	2004
22030465	1994
22045806	1977
22066436	1989
22073309	2008
22090177	1998
22090653	2010
22095230	1976
22098579	1976
22123200	1993
22142963	2006
22172054	2002
22197443	1999
22237901	1994
22263203	1991
22275542	1980
22302036	1997
22333125	2008
22333455	2005
22335456	1994
22431997	1976
22440305	1984
22470100	1984
22521759	2003
22570008	1973
22579329	2008
22614953	1992
22633834	1997
22637593	1967
22650762	2009
22709978	2006
22722109	2003
22722431	1998
22771115	1981
22789713	1996
22791781	1976
22800675	2009
22838388	1982
22855008	2004
22880730	1997
22902044	1981
22947802	2006
22963393	2005
22963636	1990
22966031	2007
22972149	2002
22987914	1979
23001307	1976
23005824	1967
23011593	2004
23021108	1978
23039503	1996
23040443	2000
23042931	1996
23071456	2000
23086927	1981
23119171	2001
23145347	2003
23158174	2004
23181046	1980
23198279	1988
23224655	1989
23249050	2007
23266580	1990
23272587	1985
23274187	2004
23276324	1981
23283446	2008
23303421	1964
23324842	2004
23331727	1996
23365731	1990
23384042	2010
23389510	1992
23424558	2003
23437811	1996
23438024	1995
23443052	1995
23459764	1976
23463639	2000
23466389	1967
23479172	1995
23479269	2001
23486856	1993
23493704	2002
23504412	1971
23533705	2007
23538781	1964
23540589	1964
23573820	1997
23607801	1988
23617102	1978
23632806	1995
23664638	1992
23669016	2008
23677967	1996
23686473	2006
23801992	2008
23832639	1983
23930266	1999
23937832	1965
23991265	1981
24055229	1993
24067822	1975
24097354	1994
24100571	1989
24111048	1993
24473980	2002
24693434	1976
24758558	1989
24774360	2002
24817173	1998
24912652	1995
24923183	1993
24950659	1998
24962119	1995
25054198	1995
25144641	1985
25167865	1999
25180296	2005
25207899	1977
25219854	1973
25221569	2002
25245727	2008
25246471	2011
25248473	1978
25250552	2008
25301165	1996
25307040	1997
25313033	1980
25322690	1991
25326241	1985
25345481	1994
25365534	1998
25376098	1997
25431911	1974
25490675	1998
25499210	1998
25576298	2005
25581000	1992
25624992	1974
25659855	1992
25664026	1989
25679375	2002
25688335	1993
25694488	2004
25705326	2005
25727241	2002
25766800	2002
25778864	1994
25789262	1998
25826820	1994
25828402	2003
25870884	1994
25914759	2004
25918568	2003
25929613	1994
25939855	1989
25973854	1999
25981868	1993
26002643	1983
26022405	2000
26036159	1989
26068752	1964
26099271	1968
26111866	1977
26157584	2007
26175751	1991
26180199	2000
26209651	1993
26220290	1992
26235418	1987
26235996	2008
26268097	1976
26277870	1994
26301449	1964
26303669	2002
26313384	1980
26350518	1987
26356521	2007
26406938	1979
26450903	1974
26479711	1994
26488548	2009
26503877	1992
26508869	1976
26515867	1975
26558817	2004
26580938	1989
26581679	1990
26593685	1912
26609434	1994
26625359	1988
26633397	1996
26671455	2001
26768403	1989
26776922	2002
26836034	2009
26853828	1973
26869369	2004
26933141	2007
26933719	2010
26937909	2007
26948163	2009
26950712	1995
26995846	2011
27030946	1983
27072634	1997
27092707	1973
27103127	1977
27115027	1989
27123691	2012
27154572	1998
27199441	1985
27212443	1975
27221462	1989
27264371	1996
27275446	1995
27323296	2004
27334803	1992
27415481	1986
27425805	2000
27448072	1967
27484751	1995
27510519	1976
27518117	1981
27526134	1988
27543098	1974
27567298	1976
27574886	2007
27594568	1976
27638646	1994
27680205	1997
27683783	1967
27696563	1985
27721082	1995
27739733	2011
27772743	2004
27774303	2004
27779127	1990
27781322	1985
27788586	1979
27789254	2000
27809777	2006
27838124	1995
27881221	1991
27931218	1998
27942633	1986
27951094	2007
27973468	1968
27975037	1994
28013177	1985
28023439	1998
28054091	1969
28059213	1981
28101360	1991
28162110	1974
28203817	1989
28212970	1998
28218240	1985
28234856	2000
28356919	1988
28379783	2005
28438675	1981
28482025	1997
28624403	1994
28637629	1978
28672869	1976
28682663	2008
28722492	2002
28733117	2000
28790662	1998
28799258	1994
28802409	1969
28806568	2004
28848483	1997
28907553	1985
28934595	1994
29005165	2004
29059727	1973
29081025	2002
29111554	1983
29126708	1974
29127308	1999
29159187	2001
29195355	1989
29200973	1985
29359958	2002
29454786	2008
29461884	1993
29492217	1993
29501550	1997
29547347	1981
29565343	1988
29589039	1912
29610475	1976
29662427	1995
29694464	1991
29730060	1993
29772353	1976
29774117	1977
29804816	1968
29853562	1981
29861854	1991
29863137	1973
29884928	1981
29925747	1980
29940965	2008
29966724	1995
30025019	1994
30044686	1997
30162826	1979
30264584	1975
30311342	2001
30313282	1975
30315567	2001
30319908	1976
30346087	2003
30377308	1993
30402505	1995
30407566	2008
30459499	1997
30498899	1993
30551719	1970
30561760	1994
30643960	2004
30668319	1985
30852928	2004
30853078	1989
30948847	1994
31005297	1980
31013765	2002
31079808	2005
31253115	1996
31256283	1992
31291594	1992
31300714	2004
31344648	1981
31398893	1997
31414854	1985
31419995	1988
31495415	2000
31498847	1992
31556194	2000
31572805	1974
31572895	1975
31604777	1998
31623985	1998
31631242	1976
31672854	1999
31674671	1990
31712568	1993
31772795	1965
31795123	1978
31803230	2004
31946030	2000
32104248	2000
32220662	1990
32222562	1995
32224066	2003
32227261	1992
32227527	2009
32269555	2000
32317098	2005
32349460	1998
32527365	1989
32531077	1999
32536844	2004
32553830	2008
32628666	1997
32700129	2007
32711080	2004
32792813	1999
32795420	2009
32796951	2004
32816839	1997
32816887	1992
32848447	1981
32892807	2001
32935516	1968
32958551	1995
33047786	1994
33066239	1987
33101761	2003
33104028	1975
33164610	1995
33244994	1992
33251550	1988
33277199	1987
33373389	1965
33463460	1993
33542919	1990
33592907	1964
33611186	1964
33651654	1999
33761800	1998
33768589	2004
33776270	2002
33805278	1970
33832813	2008
33863151	1994
33891052	1989
33911307	1975
33939044	2005
33944110	1970
33947930	2011
33954708	2005
34044787	1973
34066284	1981
34189523	1990
34202820	1995
34211503	1968
34411733	1912
34453908	2008
34498170	1988
34549284	1989
34680116	1998
34733002	1993
34884253	2004
34938638	1974
34982316	2007
35013434	1999
35051762	2002
35088188	1997
35114661	1974
35157792	1970
35163262	1987
35207224	1988
35257804	1977
35260381	1998
35335280	1993
35367378	1991
35372352	1989
35378165	2004
35446152	1988
35457222	1993
35470930	1993
35492243	1995
35499560	1986
35568058	1976
35612669	1968
35622907	2002
35727225	1974
35798561	1985
35858271	1973
35882047	1995
35883684	1993
35994032	2002
36013275	2000
36025060	2003
36029308	1988
36056752	2004
36098073	2005
36110438	1968
36116244	1991
36232788	2003
36234523	2004
36234916	1991
36338059	1999
36338188	2003
36339239	1978
36359859	1991
36360382	2002
36360425	1983
36375401	1977
36380454	2008
36393886	1995
36404969	1987
36413303	1979
36418846	1992
36458124	1976
36461463	2003
36467313	1971
36511272	1971
36520810	2002
36558947	1999
36570370	1994
36579786	1982
36583484	1981
36616776	2002
36626157	1985
36631607	1999
36631833	1997
36648690	2001
36648813	2000
36656348	1989
36689623	2009
36703553	2002
36704486	2008
36708933	1983
36718611	1988
36718919	1973
36725876	1996
36736411	2008
36748214	1985
36756503	1987
36767953	1996
36776685	1992
36780647	1997
36788925	2004
36794129	2015
36813069	1973
36827312	1994
36914596	1992
36941716	1995
36953665	2008
36964803	1971
36974795	1976
37007210	1994
37054379	2001
37063603	1989
37068829	2003
37098433	1995
37100344	2001
37137844	2003
37138477	1974
37166585	1973
37184566	1964
37206662	1991
37225717	1996
37291032	1998
37309455	1998
37357954	1990
37398528	1976
37470961	2006
37483601	1996
37485358	1992
37532791	1989
37538129	1997
37546133	1995
37562753	2006
37576686	1994
37599162	2009
37602040	1912
37616262	1996
37642209	1964
37676469	1976
37697376	1990
37697704	1997
37710404	2001
37714874	1987
37732397	1998
37790905	1998
37819334	1968
37820199	1992
37880917	1972
37890121	2004
37912137	1912
37922190	1970
37931474	1992
37951902	1964
37976802	1988
38032264	1985
38062688	1965
38102788	1976
38120994	1991
38147291	1989
38162230	1983
38205057	1977
38232720	1993
38236100	1988
38236814	1994
38237194	1998
38242770	1992
38274221	2003
38290458	2003
38311767	1996
38319656	1986
38367461	1999
38372408	1973
38420752	2003
38508697	1912
38540511	1998
38552781	1990
38556704	1969
38599254	1983
38636029	1990
38658008	1988
38691792	1970
38699685	1993
38706759	1998
38711133	1995
38735095	1985
38738202	1995
38742973	1912
38808375	1968
38841885	1990
38844274	1998
38885814	1991
38915365	1977
38925700	1974
38939192	1990
38969273	1975
38978705	1991
38983425	1981
38993734	1987
39012568	1969
39053802	1976
39117403	2001
39117421	1971
39151554	1967
39167683	1983
39171876	1971
39176870	1991
39253589	1985
39293761	1994
39343971	1967
39354447	1984
39357714	2002
39397294	1912
39400665	2003
39442467	1981
39463905	1998
39510681	1974
39519419	1995
39562182	1989
39564289	2003
39581722	1995
39590825	2004
39600280	2006
39668555	1999
39678023	1988
39680349	1968
39793007	1992
39821705	1990
39821738	1974
39831824	2007
39834001	1982
39876261	1976
39892406	1912
39916791	1985
39934939	2000
39935095	1989
39943588	1988
39985821	1981
39999965	1994
40003482	1979
40083489	1989
40157789	1971
40177003	2008
40194517	1997
40219438	1988
40226581	2002
40243963	1994
40293898	1990
40311462	1912
40344274	2000
40360814	1992
40405262	1996
40409057	2007
40437527	1994
40490766	1991
40667253	2001
40670226	1973
40759425	1967
40839124	2008
40849903	1993
40893554	1985
40932552	2012
41070532	2009
41086767	1998
41261428	1985
41293330	1969
41296643	1993
41410149	1997
41447067	1976
41486641	1994
41531475	1970
41556863	1999
41581445	1990
41587556	1994
41610767	1991
41685561	1985
41687943	2003
41702685	2007
41706572	2003
41811204	2002
41939413	2002
41943217	1983
41945286	2002
41999949	1992
42176641	2009
42186448	1994
42226587	1989
42257720	1997
42340548	2002
42384038	2008
42428481	2004
42456458	2008
42459806	2008
42461998	1991
42492090	2009
42499571	1985
42525915	2002
42721459	2009
42774813	2002
42866310	2004
42967672	1965
43003733	2007
43044929	1980
43073451	1990
43079058	1973
43306884	2004
43384487	2003
43430956	2008
43445157	2008
43490295	2001
43539825	2002
43598177	1985
43619196	2004
43643534	2005
43730377	2009
43733097	2004
43747438	1988
43758088	1993
43934120	1992
43965533	2009
43996754	2008
44032069	1993
44130831	2008
44167402	2004
44260942	2008
44265917	2008
44342880	1995
44373108	2005
44760748	1969
44826844	1985
44872287	1964
45062300	1973
45276404	1989
45430491	1995
45458363	1988
45499414	1976
45562204	1971
45583534	1989
45600077	1997
45616052	1997
45644713	1982
45668344	2001
45707591	2003
45772756	1996
45786886	1976
45790985	1985
46017154	1983
46021891	2005
46037069	1980
46127878	1972
46279536	1997
46376414	1983
46462991	1977
46486128	2004
46518131	1990
46631360	1968
46779306	1997
46805543	1990
47224634	1990
47248112	1978
47255127	1989
47406492	2002
47436318	2002
47561121	1993
47573558	1978
47577689	2001
47839037	2000
47951482	1997
48070095	2002
48080030	2009
48304699	1981
48425343	1990
48468470	1985
48591992	1999
48661366	1998
48889972	2004
48997615	1912
49003795	2007
49030262	2007
49062660	1978
49065305	1912
49078590	1992
49086811	1997
49126767	2005
49157207	1973
49275583	1912
49461231	2004
49643747	1996
49731418	1997
49765292	2008
49810323	1990
49849194	1992
49865422	1971
50063230	1976
50089441	1997
50116368	1996
50129037	1976
50416686	1993
50418955	1993
50458724	1995
50491554	1997
50517980	2005
50550370	1989
50633179	1994
50705419	1912
50742009	1987
50798871	1975
50808415	1990
50823980	1981
50824372	2003
50873992	1987
50948563	2000
51043272	2001
51074895	1976
51115310	1968
51149664	1999
51234247	1992
51238503	1992
51244210	1969
51293909	2003
51321199	1969
51343482	1995
51384704	1976
51392053	1980
51473127	2002
51493050	2002
51504392	1968
51584169	2008
51587054	2004
51588710	1993
51646082	1987
51682683	1988
51710445	2007
51719401	2007
51719956	1977
51763825	1993
51812599	1991
51826442	1987
51836261	2004
51899619	1989
52021251	2005
52119398	1980
52163610	1994
52182183	1988
52183210	2000
52263107	1992
52276208	1995
52305863	1991
52331012	2008
52370317	2004
52403365	1988
52419683	1968
52421734	1992
52439553	2002
52478388	1985
52506851	1994
52585263	1981
52614582	1991
52625743	2007
52631322	2002
52673799	1987
52701498	1977
52721063	1979
52780594	1976
52835193	1994
52856505	1995
52859301	1969
52874273	1983
52876193	1985
52885732	1988
52962968	1994
53004686	1968
53048255	1970
53055108	1993
53098767	1988
53140528	1991
53262316	1989
53275795	2000
53351507	1979
53462494	1996
53466861	1995
53492422	1985
53511548	1978
53543782	1981
53761556	1985
53846190	2005
53939221	2003
53982485	1989
54028518	1989
54081904	1999
54099616	1998
54125312	1987
54138993	1981
54165035	1985
54200628	1993
54251519	1999
54263108	1992
54282216	2000
54351395	1973
54380363	1968
54400776	1999
54442353	1992
54525605	2000
54561854	2004
54653222	1995
54680785	1990
54797435	1985
54923454	2008
54928560	1997
54996301	2006
55036286	1994
55072245	1994
55078232	1995
55086044	1985
55130076	2007
55166097	1976
55206010	1992
55263245	1989
55280021	1976
55363609	1985
55414126	1968
55418210	1996
55429593	1995
55476164	1983
55537177	1985
55559905	1985
55576572	2004
55663234	1992
55697909	1969
55753930	1985
55755042	1988
55767330	2007
55767482	1997
55780994	1991
55808451	2006
55823541	1978
55844405	1992
55863244	1995
55891192	1976
55961172	1983
56017280	1996
56038079	1991
56054520	1998
56088699	1980
56106286	1983
56115583	1967
56147152	2011
56217728	1985
56218404	1976
56342513	1995
56361954	1992
56368049	1994
56414105	1979
56456852	1978
56523036	1995
56534648	1991
56556069	1977
56568733	2005
56571542	2004
56616878	1999
56624203	1986
56681457	2009
56783089	1999
56794348	1982
56799604	1976
56803327	1912
56808773	1999
56842125	1995
56868815	2003
56875988	1987
56983844	2004
56985782	2013
57006981	1984
57008683	1995
57025069	1996
57027522	1988
57038042	2007
57050867	1995
57067364	2002
57088389	2008
57101344	1994
57153463	2002
57171411	1983
57223633	1967
57276709	1979
57290850	1995
57300821	1994
57310144	1980
57317229	1999
57405893	1975
57450435	1990
57513912	1995
57523299	2004
57531856	1996
57535411	1995
57564794	2009
57577389	1912
57592485	1991
57665769	1976
57672821	1988
57706942	1988
57889905	1991
57955681	2007
58027527	1993
58083284	1999
58128686	2001
58212148	1976
58233343	1995
58233871	2002
58297174	1968
58318726	1985
58364918	2002
58417499	1997
58449239	2001
58453489	1997
58486107	1970
58494573	1987
58625763	1975
58675720	1985
58675903	2003
58737840	1968
58755513	1995
58755731	1975
58822618	1968
58998037	1981
59039276	1977
59056439	2011
59068699	1991
59091692	2009
59141773	1977
59212930	1987
59219640	1998
59223805	1990
59264875	1985
59270547	1994
59316132	1994
59340251	1974
59400741	2002
59429364	1997
59514216	1989
59521688	1988
59563269	2011
59606040	1995
59621149	2008
59652000	1991
59695211	1994
59695969	1973
59780325	2005
59794253	1990
59800244	2000
59865459	1989
59869402	1991
60051311	1993
60067798	1988
60108041	1989
60141475	1977
60152707	1998
60183961	1981
60213336	2005
60244311	1995
60258428	1983
60294237	1976
60318318	1997
60387877	1994
60399645	1993
60438052	2004
60461822	2008
60585484	1994
60608835	2001
60618859	1989
60626319	1992
60648010	1989
60652650	1998
60701594	1990
60762822	1971
60776210	2007
60799393	1993
60803169	1974
60803947	1991
60826025	1994
60878050	1968
60963304	1974
61053724	1995
61064314	1987
61072441	1991
61083409	1989
61192769	1992
61210772	1995
61265885	2003
61332926	1992
61347594	1991
61349983	1976
61355590	1990
61376019	1994
61389127	1998
61404455	1989
61429423	1993
61540728	1994
61608348	2004
61636527	2007
61650228	1994
61696637	1994
61724078	2002
61782919	1994
61825785	1967
61913338	1977
61970364	1994
62007813	1985
62186057	1981
62199697	1996
62219286	1994
62259159	1974
62409613	2009
62531495	2005
62531893	2008
62570566	1993
62579768	1973
62622258	1996
62666613	1981
62678684	1981
62767835	2005
62772190	2009
62780237	1983
62781061	1985
62795513	1985
62843919	1993
62854568	1999
62887439	1997
62899271	1985
62905405	1981
62932279	1991
62948321	1996
62952612	1973
62971849	1999
62987111	1981
63017141	2008
63021224	1968
63037247	2000
63074236	1991
63095712	1976
63098438	1995
63164911	1992
63194194	1981
63202141	1967
63402432	2000
63405705	2000
63439694	1993
63527384	1989
63528225	1990
63584757	1992
63590636	1994
63628433	1978
63645284	1985
63668151	1976
63697384	1995
63707311	2004
63716119	1994
63734951	2003
63751057	1974
63764326	1977
63798357	1976
63811262	1979
63838737	2008
63842088	2003
63846487	1998
63848855	1971
63887218	2003
63950912	1985
63953619	1999
63991776	1976
64146498	1973
64168037	1992
64200734	1992
64262901	1989
64274014	1975
64276772	1995
64286373	1995
64291954	1998
64298154	1997
64378065	1981
64439088	1976
64473991	2002
64529417	2004
64579588	2003
64613614	1983
64684475	1991
64752987	2003
64785589	1989
64816177	1985
64845386	1981
64894984	1999
64907103	1988
64937114	1988
64965769	1995
64991375	1992
64992423	1997
65010277	1990
65028589	1988
65034698	1987
65043832	1994
65112425	1985
65141435	1968
65155236	1995
65208670	2005
65283690	1983
65294612	1990
65298769	1989
65350158	2000
65486406	1968
65523740	1992
65584052	1998
65592551	1983
65593570	1973
65596696	1983
65613339	2002
65615691	1993
65631472	1978
65712198	1912
65712328	2008
65719893	1967
65733828	2009
65741774	1992
65758221	2008
65823108	2005
65879373	1970
65890408	2005
66025100	1995
66054630	2004
66142611	1976
66174289	1976
66371106	1993
66588547	1999
66607840	2013
66623850	1968
66664698	1998
66681612	2004
66689469	2003
66729351	2002
66733781	1982
66769579	1977
66795723	2002
66834786	1991
66873737	1990
66920291	1985
66944822	1989
67016254	1980
67066442	1985
67116071	1995
67213108	1993
67224025	1978
67235491	1983
67324115	1973
67335277	1995
67344376	1992
67398406	1995
67422271	1978
67463075	2002
67479154	1993
67482036	1994
67490675	1995
67549077	1996
67555003	2000
67757992	1974
67782915	2000
67796702	1977
67799244	1998
67868938	1998
67876004	1995
68191925	1989
68244178	1997
68250260	1997
68257877	1977
68264032	1995
68305474	1981
68356723	1995
68371976	2006
68374027	2003
68383472	2004
68442731	1993
68455041	1970
68473335	1999
68528717	1988
68539699	1996
68582792	1985
68624078	1983
68630469	1976
68660544	1976
68764783	1988
68765289	1992
68791662	1975
68829497	1993
68849560	1999
68973360	1980
68978197	1994
68984669	1989
68989411	1994
69067582	2004
69301727	1977
69389000	1964
69446301	2005
69496380	2002
69500077	1998
69509661	1993
69589085	1980
69662020	2003
69762146	1995
69815502	1997
69944227	2003
69957542	2002
69969303	2004
70050607	2009
70074939	1976
70097241	2009
70105645	1977
70129914	1976
70132451	1994
70261291	1976
70276503	1994
70355163	1994
70383820	2002
70617541	1999
70736818	1977
70754894	2003
70775670	1977
70801746	1994
70824624	2007
70849839	1997
70895042	1991
70908533	1993
70909978	1995
70917577	1988
70970856	1994
71060978	2002
71070684	2003
71077652	2000
71116975	1971
71186494	1995
71205549	2008
71211627	1981
71227372	1997
71231473	1996
71262753	2007
71304707	2004
71321328	1967
71341783	2007
71424207	2002
71454888	1967
71498407	1997
71796029	1981
71796316	1994
71878045	1988
71888632	1974
71919096	1988
71956852	1977
72024300	2001
72056851	1974
72088896	1971
72154928	1991
72230084	1993
72239138	1991
72251930	2007
72262282	1993
72266013	2002
72331109	1997
72398719	1981
72406652	1998
72417082	1997
72426710	1987
72439197	2001
72479755	1976
72560099	1989
72657265	2000
72676732	1969
72817649	1994
72916944	1978
72929211	1990
73024542	2004
73051738	2009
73051827	1992
73084463	1981
73108639	1998
73134231	1983
73138989	1989
73170758	1981
73171039	1985
73246342	1997
73336268	1992
73479492	1964
73480434	1995
73531374	1985
73593425	1975
73631365	1992
73638082	1980
73656910	1993
73721890	2002
73722088	1976
73926069	2002
73978852	1999
73995416	1998
74026165	1992
74040128	1978
74041312	1978
74101357	1983
74115569	1964
74141533	2004
74159669	1985
74170377	1981
74214554	1998
74398596	1994
74399954	1967
74406667	1988
74470252	2007
74520107	2007
74539110	1999
74585464	1985
74586055	1989
74590547	1976
74622346	1981
74643295	1977
74675950	2003
74741578	2011
74756136	2008
74784209	1985
74806680	1997
74836601	1990
74898804	1997
74935835	1992
74981136	1970
75092406	2002
75096808	2008
75113507	1979
75181221	1970
75183490	1977
75233764	1992
75290024	1987
75313759	1981
75326000	1985
75326124	1995
75326970	1968
75339998	1997
75421263	1993
75431010	1981
75493420	1998
75628787	1979
75702964	1981
75743358	2001
75763842	1991
75766626	1993
75825742	1993
75844345	1992
75847715	1974
75862047	1992
75877589	2008
75961142	2003
75990958	1995
76009079	1976
76013146	1985
76031838	1973
76056230	1985
76087739	1992
76133758	1988
76156474	1977
76173465	2003
76177412	1973
76226446	2004
76318426	2005
76324233	1987
76379802	1998
76383190	1992
76403073	2004
76447692	2001
76474759	1997
76476126	1983
76542424	1988
76585536	2001
76658571	2002
76665685	1980
76702207	1983
76708804	1983
76715771	1989
76720939	1976
76782994	1997
76799151	1999
76807075	1995
76807271	2009
76816135	1990
76838291	1976
76860719	1998
76861430	1985
76982406	1999
76985630	1968
77009310	1973
77056009	1995
77067143	1979
77089780	1981
77158713	2003
77179912	1981
77192777	1985
77207346	1976
77219952	2005
77222208	1998
77253141	1981
77277754	1998
77332489	1988
77363118	2000
77369447	1969
77387045	1971
77394033	1995
77404954	1993
77469493	1979
77478971	1978
77499262	1971
77543579	2001
77598395	1994
77604115	1999
77620716	2005
77670424	1974
77682539	1983
77710794	1987
77745465	1990
77783160	1994
77783174	1983
77832328	1989
77834935	1995
77884233	1999
77986528	1988
78003493	1997
78023928	1976
78041073	1968
78118708	1976
78168879	1977
78213087	1993
78238125	1991
78336314	1977
78337267	1977
78391260	1995
78399109	1987
78401182	1978
78402680	1992
78451041	2005
78463947	1990
78475418	1973
78499541	1988
78534126	1968
78563457	1994
78566298	1999
78575609	1978
78589128	2002
78631032	1995
78633726	1995
78660964	2008
78668220	2008
78721516	1994
78732030	1993
78735535	1976
78737444	1993
78809881	1998
78831585	1967
78839479	1996
78840518	1999
78849623	1991
78864217	2003
78888328	1989
78920119	2002
78931451	1997
78976725	2004
79010480	1977
79021988	1998
79033297	2007
79046109	1998
79063065	1993
79080737	1997
79150305	1980
79166533	1998
79171180	1975
79217217	2000
79244890	1976
79248574	1990
79281774	1976
79284590	1998
79353393	1985
79396420	1977
79443656	2004
79502184	1994
79503568	2002
79510016	1912
79520524	1991
79594708	1967
79599862	1989
79630957	2000
79635277	1985
79757027	1991
79821323	1993
79851992	1988
79905853	1976
79957422	1967
79983403	1981
79989720	2003
79995375	2002
80007763	1986
80050493	1999
80146205	1973
80200065	1985
80205985	1978
80252699	1974
80430846	2012
80492280	1978
80510753	2001
80686540	1984
80694771	1997
80785491	2006
80821818	1968
80993869	1995
80997710	1968
81019394	1983
81025973	1996
81049282	2003
81056591	2000
81063080	1981
81121936	1993
81127554	1964
81158024	1994
81161060	1991
81256598	1992
81272038	1981
81446178	1989
81614164	2004
81682270	1991
81685774	1977
81691379	2004
81711619	1991
81799577	2002
81808876	1974
81870485	2004
81945945	1990
82020267	1995
82076708	1992
82097292	1990
82120050	1989
82120674	1991
82229346	2001
82242544	1977
82306040	1996
82368446	1977
82401803	1968
82441601	1998
82469245	2005
82473774	1981
82504540	1986
82537740	1997
82554521	2000
82567031	1978
82578512	1981
82648546	2009
82826044	1912
82839680	1989
82850306	2000
82864535	1992
82869926	1992
82879934	2006
82885513	1969
82931792	1998
83002814	1995
83029697	1994
83060825	1995
83067926	1995
83109749	1995
83112308	1985
83129145	1974
83269972	1969
83303771	1990
83332183	2003
83388097	2002
83408866	1985
83449046	1996
83475826	2008
83536284	1987
83577964	2003
83591133	1977
83664674	1993
83678322	1989
83697311	1975
83698966	1979
83698991	1998
83723822	1973
83788579	1997
83822528	1976
83837875	1992
83887792	1977
83889348	1985
83905773	1975
83966421	1995
84006260	1989
84067226	2005
84188086	1995
84195081	1976
84198798	1978
84241887	1990
84245874	1997
84254958	1992
84280521	1992
84412235	1974
84415814	2002
84427042	1970
84442184	1975
84496914	1985
84590229	1976
84598052	1970
84641079	1977
84652934	1994
84701067	1989
84754005	1985
84807170	1995
84828477	1981
84839794	1981
84883812	1994
84885659	1981
84918075	1999
84945828	1996
84968705	1969
84981252	1976
85017441	1986
85080639	1976
85087743	1985
85089853	1994
85095538	1994
85134734	1995
85174723	1992
85183852	1983
85199400	1977
85203449	1990
85225229	1995
85253550	2008
85271975	1985
85324776	1976
85447268	1981
85455468	2004
85509951	1988
85514454	1974
85586492	1989
85591790	2003
85592847	1993
85611984	1990
85702353	1994
85726868	1992
85727313	2006
85808060	1977
85831373	2004
85870889	1995
85878805	1970
86089067	1973
86134411	1974
86238026	1977
86308403	1981
86323493	1994
86324143	1974
86327343	1993
86396261	2008
86405303	1967
86412732	1977
86470825	1983
86594919	1990
86601550	2005
86652727	1995
86693986	1999
86772654	1997
86774343	2000
86843588	1964
86872933	1973
86929148	1917
86950253	1996
86974673	1992
86985532	2003
87008905	1971
87013209	1999
87017352	1983
87112556	1997
87209343	1993
87253619	1995
87375711	1979
87517948	1996
87616786	1998
87683980	1978
87695675	1998
87775279	1973
87806791	2002
87832107	1973
87857209	1998
87909293	1990
88022787	2002
88076661	1976
88102726	1994
88180787	1969
88207299	1985
88248561	1992
88285333	2000
88303299	1978
88325712	2008
88328187	1967
88450743	1964
88611565	1969
88755406	1993
88873829	1983
88893355	1969
88952103	1992
89006058	1997
89032322	1994
89057331	1985
89114624	1986
89135125	1971
89159502	2004
89164858	1981
89174119	1988
89227437	1996
89310936	1973
89343172	1995
89404952	1992
89448602	2000
89506776	2006
89550003	1976
89620792	2001
89656394	1993
89688205	2001
89793110	1987
89909747	2000
89924207	1998
89984479	1979
90011699	1981
90013727	1993
90014477	1973
90022473	2007
90104476	1964
90118357	1981
90193419	1983
90237120	1973
90335330	1974
90444852	1990
90576143	1976
90628656	1995
90637308	1964
90654056	1983
90669980	1998
90696924	1985
90904131	1977
90905468	1976
90917697	1994
90924923	1985
90925409	1977
90963598	1980
90986502	1980
91124119	1984
91342456	1976
91369229	1982
91381489	2004
91440264	1997
91456830	1989
91475570	2007
91570143	1995
91600219	1980
91608213	1995
91617944	1991
91685687	1994
91722548	2003
91777672	1974
91783511	1998
91826310	1968
91982321	1975
92029398	1969
92043223	1995
92083367	1994
92103587	2000
92125293	1987
92149723	1989
92325606	1994
92364310	1994
92368177	2000
92374942	1976
92558026	1982
92678197	1989
92748296	2001
92773824	1985
92889644	2008
92972786	1989
92974757	1995
93093919	1989
93143645	1988
93182810	1912
93216030	1992
93237740	1988
93300123	1983
93306043	1987
93312908	1991
93314642	1984
93322150	1973
93390050	1983
93494456	1993
93496375	2008
93520981	1988
93597384	1976
93658710	1968
93669159	1997
93704395	2012
93706049	1975
93706984	1975
93789761	1985
93809586	1993
93848007	1997
93853848	1977
93868268	2002
93935522	1997
94007230	1997
94022867	1991
94095011	1994
94248094	1992
94287803	1983
94310986	1983
94348521	1989
94472716	1968
94473357	1968
94508321	1992
94553684	1978
94593132	1988
94609788	1976
94631502	1993
94632514	1984
94658670	1988
94667597	1975
94693760	1994
94715971	2006
94751869	2003
94784667	1991
94837599	1967
94858821	1974
94878141	1975
94916828	2006
94963318	1981
95100328	1985
95167888	1995
95225375	1987
95259972	1991
95275002	1988
95303446	2002
95318196	1977
95345690	1964
95352686	1985
95415560	1975
95516616	1977
95558466	1993
95563628	1993
95597492	1968
95764084	1977
95958025	2002
96008489	2002
96119107	1994
96231303	2001
96299933	1993
96345688	1985
96362259	1980
96428343	1996
96464081	2000
96516689	1980
96736174	1975
96736251	1973
96749125	1989
96778981	1995
96952724	1964
96977015	1978
97013805	1996
97076977	2009
97089998	1985
97107594	1995
97130399	1997
97185147	1976
97194633	1980
97203455	1997
97235049	2004
97253496	1988
97280824	2000
97282394	1975
97327018	1990
97523491	1996
97586142	1968
97647069	1974
97680704	1981
97705434	1976
97714684	1989
97752481	1983
97805999	1998
97827777	1989
97830734	2000
97968413	1973
97974594	1997
98158812	2007
98327913	2001
98342590	1981
98383196	1977
98408886	1990
98419163	1990
98443396	1991
98492166	1976
98513091	1988
98531185	2004
98555769	1999
98569771	1998
98593802	1993
98616469	1977
98684631	1995
98704818	2009
98724312	1973
98933250	1974
99031587	1978
99070889	1971
99126984	1985
99160277	1912
99169694	2001
99177888	1980
99187944	1970
99207309	1995
99221652	1990
99321581	1993
99330833	1996
99367463	1983
99404813	1998
99438986	1964
99459693	1994
99475977	1991
99499188	2002
99504318	2002
99508099	1992
99602443	2009
99683982	1992
99706330	2015
99762907	1964
99773542	2002
99890461	1981
99968582	2002
99996944	1994
99998295	1981
100046551	1975
100125402	1975
100312365	1995
100330878	1979
100341356	1983
100352452	1979
100358053	1987
100358784	1990
100417127	2006
100419459	1974
100426630	2004
100440163	1989
100563516	1991
100600329	1981
100641165	1969
100723645	1988
100803160	1995
100821354	1985
100823033	1969
100958689	1973
100959755	1912
101042931	1979
101057205	1977
101058044	1989
101071412	1990
101172865	1968
101215727	1981
101308705	2000
101317462	2003
101367758	1976
101371029	1968
101384473	1969
101489302	1994
101508882	2002
101510240	1981
101553794	1985
101579998	1977
101598242	1981
101677850	1971
101713284	1973
101715122	1999
101771303	1976
101806951	2006
101851657	1996
101878641	1994
101918843	1990
101956087	1976
102051493	2002
102109342	1971
102197738	1993
102232872	1979
102277528	1989
102320209	1978
102357776	1994
102362202	1993
102395061	1969
102533956	1976
102605868	2002
102763554	1987
102822400	1976
102911220	1974
102944181	2003
102979843	1976
103013403	1989
103060663	2004
103064084	1988
103119624	1998
103122798	1994
103258341	1991
103272283	1968
103277103	1989
103403086	1999
103504596	1974
103535702	1981
103603499	1973
103723212	1974
103803039	1984
103829087	1995
103861682	1994
103869947	1999
103874282	1998
103954226	1973
104018963	1988
104119401	2005
104130640	1994
104157906	1995
104172413	1980
104296972	2010
104299688	1971
104354473	1976
104429620	1988
104529702	2003
104613142	1988
104628489	1971
104632957	1994
104674108	1995
104685221	1976
104720545	1987
104747001	1998
104849348	1964
104879420	1980
104898390	1998
104908204	1997
104924050	1993
105006256	1991
105008926	1983
105034478	1964
105104443	1983
105217382	2004
105218585	1995
105252966	1998
105259920	1982
105262966	1976
105266644	2000
105311042	1995
105355944	1912
105366486	1975
105382634	1968
105459731	2007
105483472	1988
105515416	1977
105517556	1985
105535822	2007
105568442	1993
105624091	2014
105679856	1989
105715137	2004
105726260	1985
105732058	1992
105738196	1992
105754256	1999
105822887	1978
105925785	1998
105968020	1976
105999761	1988
106255512	2001
106279105	1984
106293648	1985
106294517	2008
106303548	1992
106345206	1988
106473686	1998
106535155	2003
106576884	1974
106627351	2003
106629025	1983
106646347	1980
106716014	2000
106718684	1976
106749531	1980
106779244	1994
106782179	1976
106784128	1977
106797550	1985
106825587	1992
106838773	1985
106882218	2008
106934796	1980
106984064	2000
107031864	1988
107035379	1968
107152701	1983
107220451	1912
107254782	1976
107319622	1977
107346592	1993
107414218	2000
107478065	1973
107525990	1989
107588441	1988
107704926	1995
107777976	1985
107885227	1979
107965636	1998
108011904	1978
108059799	2000
108225408	1988
108244553	1964
108245663	2005
108317559	2000
108345262	1912
108358134	1991
108387282	2002
108542669	1989
108706664	1988
108750892	2006
108761355	2002
108802365	1998
108980105	1979
109091225	2005
109105436	1974
109209386	2007
109213802	1989
109227216	1967
109326397	1999
109348580	2001
109492715	1999
109583149	1994
109602912	2009
109611828	1993
109711566	1988
109778614	1985
109917003	1976
110072724	1976
110224213	1975
110225598	1976
110259398	2001
110305612	1988
110307280	1983
110332584	2005
110347188	1977
110385329	1990
110419716	1976
110514163	1995
110568160	1913
110612765	2002
110857468	1983
110896454	1994
110896813	1970
110899266	1970
110906756	1991
111106724	1992
111169318	2004
111250349	1983
111260672	1983
111442348	1989
111448407	1973
111479195	1995
111485362	1988
111486830	1988
111504284	1985
111645506	1975
111659079	1990
111687353	1994
111690833	1997
111751426	1976
111889237	1996
111987365	1976
112075724	1993
112164320	1997
112238014	1988
112280456	1995
112341485	1993
112424243	1970
112485657	2003
112528163	1998
112540345	1998
112552527	1968
112669261	1981
112827327	1999
112829444	1994
112844866	1994
112922650	1985
112944650	1995
112970007	1979
112976526	1981
113021232	2010
113108374	1981
113187144	1988
113234411	1993
113244221	1973
113338188	1970
113341977	1985
113352302	2004
113393248	1990
113666805	1974
113682589	1996
113759650	1993
113837361	1968
114121296	1995
114248528	1971
114248935	1971
114300417	1976
114310601	1979
114313652	1974
114396035	1997
114553746	1992
114603870	1977
114628260	1977
114784376	2000
114898627	1967
114907011	1994
114927330	1989
114989718	1998
114992162	1987
115007526	1999
115043525	1983
115052927	2002
115069077	1981
115123019	1967
115136492	1996
115150086	1994
115152833	2001
115449611	1988
115467508	1996
115497141	1980
115517098	1992
115667417	1985
115698258	1992
115803575	1990
115830507	1999
115834402	1999
115858469	1974
115872911	1976
115914695	1985
115925484	1985
115941934	1968
115947502	1989
116044465	1971
116062801	1999
116065424	1994
116119007	1994
116141415	1991
116144101	2005
116163287	1974
116185881	2000
116300361	2004
116322224	1975
116383042	1994
116384624	1981
116410811	1995
116413577	1990
116480632	1976
116511649	1970
116520380	1997
116547825	1974
116562954	1976
116699915	1998
116754361	1981
116771893	1999
116838883	1979
116905273	1978
116915213	1995
116974862	1976
117029320	1971
117048802	1968
117081253	1983
117132055	1969
117146672	2008
117209391	1964
117273194	1972
117284240	1977
117325853	2004
117391365	1976
117527275	2008
117542054	1995
117551216	2002
117591177	1970
117637067	1992
117663770	1968
117752639	2002
117771753	1991
117790726	1979
117948142	1988
118070581	1977
118074440	1994
118101662	1981
118147307	1992
118149617	1973
118257923	2004
118274811	2000
118428723	2003
118615217	2000
118642004	1981
118644239	1985
118707685	2003
118824290	1973
118891998	1976
118952348	1995
119024302	1997
119039672	1989
119110307	1992
119291187	1989
119426087	1968
119430681	1997
119518124	1997
119616045	2008
119739963	1991
119746885	1985
119748083	1989
119838597	1974
119926590	1964
120035010	1979
120108304	1970
120192635	1985
120235919	1979
120282822	1999
120391935	1971
120402810	1976
120435588	1973
120485828	1997
120520161	1981
120694256	1997
120716953	1993
120717626	1973
120721585	2008
120725162	1970
120829127	1975
120867796	1998
120885558	1979
120978790	1989
121027912	1974
121033979	1998
121135705	1973
121167277	1975
121194474	1981
121337762	1994
121427974	2005
121438880	2008
121604170	1971
121647637	1969
121695652	1967
122002065	1993
122041097	1998
122055469	1978
122059497	2003
122076458	1976
122160781	1994
122172640	1967
122250645	1980
122293872	2007
122549051	1989
122697463	1999
122809285	2000
123003603	2004
123329637	1983
123584846	1987
123604872	1991
123679542	1968
123893875	1969
124002328	1993
124162590	1964
124173658	1991
124318480	1971
124434248	1988
124611223	1994
124801089	1993
124844418	1973
124860544	2013
124939805	1971
124981633	1974
124994061	1999
125035062	1994
125136167	1988
125142111	1985
125261187	1969
125261962	1983
125284158	1977
125427757	1998
125543631	1974
125567777	1989
125587921	1995
125589986	1995
125605427	1976
125748435	1970
125752427	1969
125774473	1993
125801641	1990
125802066	1991
125805369	1974
125829028	2000
125912733	1988
126035482	1973
126097213	1970
126183789	1974
126207938	2002
126316626	1990
126657939	1976
126666423	1991
126682861	1981
126719886	1969
126737310	1976
126882949	2005
126984924	1976
127020513	2000
127351310	1987
127419474	1997
127456982	1985
127591655	1969
127613364	2002
127627367	1997
127637612	1981
128018216	1976
128030717	1979
128071161	2004
128254885	1990
128286719	1999
128433528	2003
128455102	1978
128518089	1977
128616912	1988
128654945	1999
128808586	1992
128811540	1975
128834311	1995
128945668	1981
129012892	1968
129027522	1995
129080938	1975
129154211	1981
129208795	1976
129324460	1991
129425432	1983
129454627	1996
129479132	2002
129486420	1912
129554061	1993
129675736	1995
129679727	2009
129809894	2002
129819597	1991
129988523	1992
130048166	1981
130102306	1976
130151637	1994
130154592	1981
130184403	1976
130238092	1971
130412159	1993
130492467	1973
130526190	1993
130569765	1997
130616885	1971
130637005	2002
130682993	1992
130715614	1988
130823996	1994
130867124	1985
131096631	1973
131106271	1988
131151466	1994
131297549	1993
131374454	1992
131465612	1999
131582383	1988
131639104	2008
131710074	1990
131786425	1973
131821848	1996
131843311	1989
132083754	1992
132357482	1980
132459248	1991
132478812	1996
132484589	1977
132492164	2001
132494551	1994
132552028	2002
132573359	1992
132576508	1974
132586216	2001
133220612	1993
135228210	1969
135432553	1992
136395851	1992
138607784	1968
139261105	2009
139336167	2003
139384968	1972
139584101	2008
139681419	1991
139782563	1986
140063803	2004
140152273	2000
140330453	1991
140511418	1981
140571112	1912
140600645	2004
140603204	1987
140621274	1970
141306392	1996
141420734	2008
141894309	1999
141947269	2007
142369432	1998
142653734	2009
142724515	1995
142733498	1974
142823526	2004
142897120	2004
142964286	1998
143040045	1977
143041794	2004
143258060	1992
143356429	1974
143572571	1987
143631055	1976
143788139	1983
143809529	1995
143815991	1978
143939651	1997
144089359	1981
144148033	1996
144659227	1998
144720210	2002
145206702	1994
145544045	1985
145584166	1981
145922519	1988
146575172	1974
146832619	1988
147067890	1995
147082615	2008
147170589	1983
147179910	1997
147197267	2005
147201245	1997
147204515	1990
147263140	1992
147298752	2000
147317474	1966
147352955	1982
147401500	1997
147421693	1999
147470432	2001
147529106	2004
147529994	1994
147532206	1983
147590650	1981
147625990	1992
147643084	1993
147650157	1995
147664023	1993
147666260	1985
147667344	1993
147734172	1990
147757431	1998
147837693	1968
147892866	1976
147905308	1985
147946527	1914
148039364	1992
148327982	1987
148442667	1967
148583674	1992
148718266	1996
149682577	1974
150125690	2012
150160160	2009
150391885	1967
150431758	1997
150497716	1978
151224462	2002
151340378	1980
151420659	1996
151455620	1978
151490042	1986
151721468	2004
151731728	1998
151736083	1989
151866551	1989
152281762	1997
152292350	1996
152352219	2009
153180852	2000
153221341	2009
153456652	1998
153643151	1991
153651473	1998
153843429	1985
153881474	1994
153886152	2007
153899536	1999
153912604	1971
153914766	1977
154067433	1968
154068345	1995
154131710	1980
154182095	1990
154298243	1980
154425436	1976
154434382	2000
154471106	1973
154526034	1995
154568444	1979
154595887	1974
154612928	1969
154615907	1969
154670310	1995
154689122	2001
154706981	1968
154737602	1985
154750653	1983
154775702	1990
154795747	2000
154803593	1995
154864147	1973
154966009	1978
155000395	1974
155109158	2009
155194822	1980
155475327	2001
155538704	1994
155565780	2001
155585533	1989
155602225	1985
155602882	1985
155802281	1967
155875864	1985
156069948	1992
156265159	1987
156367499	1975
156832809	2000
156841911	1912
156944753	1970
157139082	1992
157237194	1993
157243976	1998
157244642	1997
157274792	1998
157286023	1995
157328856	1993
157369973	2008
157371716	1977
157395784	1999
157396400	2004
157411034	1991
157429461	2001
157514209	1976
157557893	1980
157564652	1995
157648184	2000
157730855	2005
157834865	1992
157842261	1976
157917378	1992
158065184	1990
158152479	1990
158212680	2007
158245541	2006
158301886	1999
158494105	2004
158619997	1989
158666468	1991
158724860	1912
158962749	1969
159267459	1990
159269554	1985
159379113	1994
159434609	1968
159441381	2002
159564296	1981
159900659	1981
160013157	2004
160065943	2014
160283615	1990
160292738	1993
160580909	1985
160910950	1978
161724297	1998
162616822	2000
167147125	1989
170286883	1969
171452354	1998
171592795	1996
171684792	1997
171983103	2004
172418563	2010
173115429	1997
174884344	1985
176534035	2000
177421612	1995
178623398	1992
179057709	1973
179158937	1993
181283843	2000
182106240	1968
182543647	1998
183007200	1967
184577211	2000
184601722	1995
185174028	1975
185869603	2008
185919676	1989
186427537	1985
187130276	2002
187882351	2004
189158962	1981
189915308	1964
189981273	1971
191073805	1970
191589194	2001
192233540	2004
195115277	1998
196505275	1992
196858147	1983
197232702	1985
197361599	1968
197554316	1974
197634110	1974
197644260	2001
197655966	1968
197717054	1912
198722831	1994
198910808	1997
198945159	1991
198954925	1980
199030054	1994
199103807	2000
199247876	1990
199435034	2003
199842227	1996
199866402	1995
199904223	2000
199916252	1976
200003370	1969
201506404	2000
201550380	1971
202160730	1992
202497687	2000
202775378	1985
203038716	1974
203117489	1990
203396805	1994
203441306	1989
203797553	1995
203866196	1978
203881775	1992
203981756	1996
204592591	1969
205055948	2001
205342297	1912
205672056	2003
205760716	1990
205881681	2006
205971596	2000
206155479	2011
206267199	1995
206273937	1998
206296697	1997
206637566	1993
206833269	1998
207071273	1983
207229042	2002
207331512	1969
208750750	1987
209193693	1983
211512692	1985
212374709	1995
212396435	2000
212398816	1980
212504848	1990
212507827	1976
212630909	2007
212667382	1994
212678428	1999
212732038	1969
212749025	1973
212785944	2005
212863305	1993
212868265	2002
212928253	1988
213008949	1996
213031407	2008
213143644	1996
213146042	2003
213183619	1988
213209821	2000
213229335	1985
213239868	1983
213376229	1981
213430556	1997
213557042	1986
213562416	2009
213615672	1981
213743266	1999
213746915	1991
213755320	1991
213855215	2004
213974906	1988
214004748	1976
214101333	2003
214235587	1997
214278846	2003
214294470	2004
214507401	1995
214541195	1992
214561177	2010
214570613	1981
214641807	1975
214695779	1993
214732613	1968
214783396	1994
214833150	2008
214863679	1971
214878171	1994
215032724	2009
215049898	1977
