	chief_start	chief_end	EditorId	IssnId
0	2015	2019	4	4
1	1979	2019	55	4
2	2012	2017	505	4
3	2012	2017	1514	4
4	2017	2018	2517	4
5	2009	2010	3896	4
6	2016	2019	4276	4
7	2005	2019	7551	4
8	2008	2011	7608	4
9	2007	2019	8665	4
10	2006	2011	8815	4
11	2010	2010	8898	4
12	2015	2019	9144	4
13	1979	1979	11219	4
14	1995	1996	13685	4
15	1993	2010	15203	4
16	2015	2018	17548	4
17	2008	2019	18383	4
18	2014	2019	19398	4
19	2009	2019	19628	4
20	2014	2016	43	43
21	2013	2016	356	43
22	2013	2014	1821	43
23	2014	2016	2787	43
24	2013	2016	3302	43
25	2013	2014	4334	43
26	2015	2016	4680	43
27	2013	2014	5175	43
28	2013	2014	7121	43
29	2013	2014	7269	43
30	2013	2016	7842	43
31	2013	2013	9423	43
32	2013	2015	9821	43
33	2015	2016	10747	43
34	2015	2016	12756	43
35	2013	2014	13196	43
36	2014	2016	14880	43
37	2013	2015	17501	43
38	2013	2016	17858	43
39	2013	2014	19327	43
40	2018	2018	49	49
41	2018	2018	14736	49
42	2011	2018	54	54
43	2007	2010	397	54
44	2007	2018	683	54
45	1999	2012	903	54
46	2011	2019	1329	54
47	1985	2010	1594	54
48	2010	2018	3914	54
49	1999	2011	4662	54
50	2007	2019	4812	54
51	2007	2010	5668	54
52	2009	2010	6054	54
53	2007	2013	6837	54
54	1995	1999	7579	54
55	2007	2016	10304	54
56	2007	2019	11472	54
57	2007	2018	16060	54
58	2007	2010	16311	54
59	2011	2019	18529	54
60	2007	2010	18537	54
61	1995	1995	120	120
62	1995	1995	490	120
63	2005	2019	2662	120
64	1986	1987	4157	120
65	1995	1996	5653	120
66	1995	1995	6729	120
67	1995	1995	7631	120
68	1995	1995	10214	120
69	1995	1995	10652	120
70	1996	1996	17519	120
71	1990	1997	18763	120
72	2018	2019	124	124
73	2016	2017	5955	124
74	2016	2017	12401	124
75	2006	2006	129	129
76	2018	2019	136	136
77	1995	2019	7760	136
78	2017	2017	164	105
79	2017	2017	6717	105
80	2017	2017	7050	105
81	2017	2017	7927	105
82	2017	2017	8349	105
83	2017	2017	8691	105
84	2017	2017	8872	105
85	2017	2017	9434	105
86	2017	2017	11211	105
87	2017	2017	11565	105
88	2012	2013	11598	105
89	2017	2017	13514	105
90	2017	2017	14633	105
91	2010	2017	15501	105
92	2017	2017	16762	105
93	2017	2017	17044	105
94	2017	2017	17284	105
95	2017	2017	18008	105
96	2017	2017	18059	105
97	2017	2017	18489	105
98	2017	2017	18926	105
99	2017	2017	19310	105
100	1984	1984	166	111
101	1984	1984	1297	111
102	2017	2019	1650	111
103	1984	1985	3954	111
104	2017	2019	5482	111
105	1984	1984	8543	111
106	1984	1985	12098	111
107	1984	1985	12236	111
108	1984	1984	12906	111
109	1985	1985	16778	111
110	1984	1984	17294	111
111	2018	2018	171	171
112	2019	2019	188	145
113	2014	2019	5599	145
114	2014	2019	6266	145
115	2014	2019	7575	145
116	2014	2019	15738	145
117	2017	2019	200	200
118	2017	2018	19228	200
119	2012	2015	264	264
120	2012	2015	4054	264
121	2011	2017	281	281
122	1988	2010	17613	281
123	2011	2014	291	292
124	2014	2019	4439	292
125	2010	2010	16482	292
126	2006	2019	293	293
127	2018	2019	2564	293
128	2018	2019	3021	293
129	2018	2019	3392	293
130	2018	2019	4008	293
131	2018	2018	4691	293
132	2018	2019	6129	293
133	2018	2019	6737	293
134	2018	2019	6984	293
135	2018	2019	7077	293
136	2012	2013	7237	293
137	2018	2019	7283	293
138	2018	2019	7572	293
139	2018	2019	7992	293
140	2018	2019	10515	293
141	2018	2019	12791	293
142	2018	2019	13029	293
143	2006	2019	16361	293
144	2006	2013	18308	293
145	2018	2019	18643	293
146	2015	2016	315	315
147	2007	2009	322	0
148	2007	2009	894	0
149	2007	2009	1246	0
150	2018	2019	334	334
151	2004	2009	2803	334
152	2018	2019	2871	334
153	2018	2019	3647	334
154	2018	2019	8382	334
155	2018	2019	16159	334
156	2018	2019	19507	334
157	2015	2019	338	222
158	2016	2019	1597	222
159	2017	2019	5458	222
160	2015	2019	5530	222
161	2017	2019	5550	222
162	2016	2019	6887	222
163	2015	2019	9191	222
164	2015	2019	9641	222
165	2015	2019	11974	222
166	2015	2019	18992	222
167	2017	2019	346	90
168	2016	2019	540	90
169	2017	2019	2680	90
170	2017	2019	3057	90
171	2017	2019	4914	90
172	2017	2019	9482	90
173	2017	2019	12837	90
174	2017	2017	12886	90
175	2009	2011	373	373
176	2006	2006	403	403
177	2007	2009	15554	403
178	2007	2009	16788	403
179	2009	2009	410	154
180	2009	2009	1283	154
181	2009	2009	1559	154
182	2007	2014	1612	154
183	2009	2009	2592	154
184	2009	2009	6533	154
185	2015	2018	12021	154
186	2009	2009	13300	154
187	2011	2015	433	433
188	2016	2019	451	433
189	1997	2011	13330	433
190	1999	2011	13772	433
191	2011	2015	17990	433
192	2015	2019	18137	433
193	2000	2019	19046	433
194	2011	2019	435	368
195	2011	2019	890	368
196	2011	2019	1071	368
197	2011	2019	1389	368
198	2011	2019	1528	368
199	2011	2019	3091	368
200	2011	2019	3777	368
201	2011	2019	3825	368
202	2011	2019	3996	368
203	2011	2019	6594	368
204	2011	2019	7211	368
205	2011	2019	7629	368
206	2011	2019	9627	368
207	2011	2019	10273	368
208	2011	2019	10431	368
209	2011	2019	10948	368
210	1997	1997	11848	368
211	2011	2019	12187	368
212	2011	2019	12677	368
213	2011	2019	14737	368
214	2011	2019	15503	368
215	2011	2019	16650	368
216	2011	2019	16963	368
217	2011	2019	18130	368
218	2011	2019	18145	368
219	2011	2019	19671	368
220	2018	2018	444	444
221	2018	2018	1536	444
222	2018	2018	9293	444
223	2018	2018	9767	444
224	2018	2018	10817	444
225	2018	2018	13424	444
226	2018	2018	16194	444
227	2007	2009	448	153
228	2009	2009	1049	153
229	2006	2009	1104	153
230	2006	2009	1728	153
231	2009	2009	2193	153
232	2007	2009	2646	153
233	2006	2007	4737	153
234	2007	2009	5100	153
235	2006	2009	5604	153
236	2009	2009	7320	153
237	2006	2009	8556	153
238	2006	2009	9382	153
239	2006	2009	11333	153
240	2006	2009	11636	153
241	2006	2009	12470	153
242	2006	2008	13017	153
243	2006	2009	15030	153
244	2006	2009	16874	153
245	2007	2009	17492	153
246	2006	2009	18236	153
247	2008	2009	19406	153
248	2006	2009	19694	153
249	2018	2019	549	261
250	2016	2016	582	23
251	2016	2016	6518	23
252	2012	2017	7275	23
253	2016	2016	7979	23
254	2016	2016	9148	23
255	2016	2016	12536	23
256	2016	2016	12859	23
257	2016	2016	17521	23
258	2018	2018	648	648
259	2008	2015	16117	648
260	2015	2016	665	270
261	2006	2015	1127	270
262	2015	2016	7897	270
263	2015	2016	14659	270
264	2015	2016	14936	270
265	2015	2016	18939	270
266	1994	2018	19654	270
267	2014	2017	679	679
268	2014	2017	2295	679
269	2004	2016	12116	679
270	2014	2017	12400	679
271	2004	2017	14158	679
272	2014	2017	14820	679
273	2014	2015	15705	679
274	1991	1991	695	695
275	2013	2013	2445	695
276	2013	2013	3675	695
277	2013	2013	3835	695
278	2010	2013	5796	695
279	2013	2013	15536	695
280	1988	1989	752	380
281	1988	1989	15677	380
282	1989	1989	16412	380
283	1988	1988	17108	380
284	2013	2013	781	781
285	2013	2013	781	782
286	2010	2010	11810	782
287	2010	2010	15253	782
288	2012	2013	19277	782
289	1979	1985	788	496
290	2007	2007	16117	496
291	2013	2019	18949	496
292	2006	2008	856	856
293	2005	2008	16390	856
294	2013	2014	877	748
295	2016	2019	915	13
296	2013	2013	3037	13
297	2013	2013	4099	13
298	2013	2013	4627	13
299	2015	2018	4754	13
300	2013	2018	8600	13
301	2013	2013	8617	13
302	2013	2013	8651	13
303	2016	2019	9677	13
304	2013	2013	9822	13
305	2013	2013	9898	13
306	2016	2018	9968	13
307	2018	2019	10109	13
308	2016	2018	10171	13
309	2016	2019	10518	13
310	2013	2013	10599	13
311	2013	2013	10661	13
312	2013	2013	11553	13
313	2013	2013	13125	13
314	2013	2013	16801	13
315	2013	2013	17781	13
316	2018	2019	928	928
317	2018	2019	943	943
318	2018	2019	965	965
319	2018	2019	1215	965
320	2018	2019	11131	965
321	2005	2006	16746	965
322	2013	2014	989	220
323	2015	2018	1840	220
324	2015	2017	2958	220
325	2015	2018	3536	220
326	2015	2017	3656	220
327	2015	2018	4197	220
328	2015	2018	4531	220
329	2014	2015	4599	220
330	2015	2016	5217	220
331	2014	2015	5307	220
332	2015	2018	5327	220
333	2015	2018	5440	220
334	2015	2016	5817	220
335	2015	2018	5889	220
336	2017	2018	6370	220
337	2011	2011	6598	220
338	2013	2016	6724	220
339	2015	2016	7043	220
340	2016	2018	7819	220
341	2013	2014	8253	220
342	2013	2014	8601	220
343	2017	2018	9248	220
344	2015	2017	9404	220
345	2015	2018	9751	220
346	2015	2017	9861	220
347	2017	2018	10487	220
348	2016	2017	10524	220
349	2014	2015	11746	220
350	2015	2018	11775	220
351	2016	2018	11842	220
352	2014	2015	13388	220
353	2015	2018	13682	220
354	2015	2018	13900	220
355	2015	2016	14971	220
356	2016	2018	15754	220
357	2015	2018	17571	220
358	2014	2018	17787	220
359	2016	2018	19059	220
360	2015	2018	19124	220
361	1993	2006	999	999
362	1995	1995	1006	1006
363	2010	2016	1656	1006
364	2012	2019	4358	1006
365	1990	1996	6154	1006
366	1995	2012	16458	1006
367	1995	1995	18719	1006
368	2010	2012	19644	1006
369	1965	1981	1009	1009
370	2004	2019	1043	40
371	1971	1978	13319	40
372	2004	2004	16287	40
373	2011	2011	18524	40
374	2016	2017	1055	838
375	2014	2016	1100	212
376	2014	2016	1850	212
377	2014	2016	3297	212
378	2014	2016	4977	212
379	2014	2016	5527	212
380	2014	2016	6121	212
381	2014	2016	8948	212
382	2014	2016	10827	212
383	2014	2016	11823	212
384	2014	2016	13366	212
385	2014	2016	17607	212
386	1993	1993	1106	256
387	1979	1993	1394	256
388	1979	1993	3011	256
389	1979	1988	10829	256
390	1979	1980	11686	256
391	1993	1993	13427	256
392	1979	1980	15581	256
393	1995	1995	15653	256
394	1980	1983	16806	256
395	2015	2016	1184	3
396	2015	2016	6889	3
397	2015	2016	7310	3
398	2015	2016	8807	3
399	2015	2016	9035	3
400	2017	2019	1225	86
401	2018	2019	2716	86
402	2018	2019	4437	86
403	2018	2019	5036	86
404	2011	2015	1247	492
405	2011	2015	3092	492
406	2013	2015	3251	492
407	2013	2015	6092	492
408	1998	2015	8038	492
409	2011	2015	10434	492
410	1997	2015	17609	492
411	2011	2015	18316	492
412	2011	2015	19568	492
413	1978	1982	1304	357
414	2009	2018	13175	357
415	2018	2019	1320	211
416	2018	2019	2209	211
417	2018	2018	4631	211
418	2018	2019	7012	211
419	2018	2018	8107	211
420	2018	2019	16298	211
421	2018	2018	17394	211
422	1995	1997	1323	1323
423	1987	1990	1325	1325
424	1987	1990	8832	1325
425	1987	1990	15751	1325
426	1987	1990	15978	1325
427	1987	1990	16049	1325
428	2011	2012	1335	314
429	2011	2011	1347	58
430	1993	1993	9467	58
431	2007	2015	1348	1348
432	2009	2013	1735	1348
433	2009	2010	3231	1348
434	2010	2011	4985	1348
435	2010	2011	5912	1348
436	2007	2016	7508	1348
437	2007	2007	12979	1348
438	2007	2012	16198	1348
439	2011	2012	17767	1348
440	2010	2015	1368	768
441	2010	2015	1392	768
442	2011	2015	1399	768
443	2010	2015	2775	768
444	2012	2015	3819	768
445	2010	2015	4572	768
446	2012	2015	4700	768
447	2010	2015	4752	768
448	2010	2014	6303	768
449	2010	2013	9818	768
450	2010	2015	11094	768
451	2010	2010	11922	768
452	2010	2013	14367	768
453	2010	2010	15013	768
454	2012	2015	17365	768
455	2010	2014	19012	768
456	2010	2015	19333	768
457	2014	2015	19504	768
458	2010	2015	19737	768
459	2017	2017	1370	1203
460	2017	2017	10269	1203
461	2017	2017	11504	1203
462	2017	2017	11673	1203
463	2017	2017	13410	1203
464	2019	2019	1452	757
465	2018	2019	3135	757
466	1995	2015	1496	1496
467	2016	2018	1993	1496
468	2015	2019	2122	1496
469	2012	2018	2178	1496
470	2015	2016	2414	1496
471	2015	2018	3891	1496
472	2006	2008	7815	1496
473	2017	2019	7883	1496
474	2017	2019	10870	1496
475	1994	1994	11956	1496
476	2010	2015	13581	1496
477	2007	2007	14046	1496
478	2006	2015	14063	1496
479	1996	2000	14913	1496
480	2010	2012	16191	1496
481	1994	1994	17451	1496
482	2015	2016	19161	1496
483	2012	2016	1504	52
484	2008	2016	2069	52
485	2010	2016	2350	52
486	2008	2016	2988	52
487	2008	2012	4731	52
488	2004	2004	5237	52
489	2008	2013	7866	52
490	2013	2016	8264	52
491	2008	2016	9362	52
492	2010	2010	9607	52
493	2010	2016	11696	52
494	1992	1995	12461	52
495	1994	2014	13903	52
496	2010	2016	15105	52
497	2008	2016	17956	52
498	2012	2016	17992	52
499	2008	2016	19234	52
500	2008	2016	19431	52
501	2015	2019	1523	1523
502	2014	2014	1529	531
503	2013	2014	2441	531
504	1993	2014	3397	531
505	2014	2014	9571	531
506	1994	1998	11432	531
507	2013	2014	12261	531
508	2013	2014	14394	531
509	1993	1995	15036	531
510	2014	2014	19446	531
511	2013	2019	1541	1541
512	2009	2019	1546	1546
513	2014	2019	1548	1548
514	2012	2016	1552	113
515	2014	2017	1553	1553
516	2005	2005	1594	714
517	2005	2005	1970	714
518	2009	2019	6589	714
519	1979	2007	7253	714
520	2005	2005	12217	714
521	2005	2005	15128	714
522	2005	2005	16295	714
523	2005	2005	17786	714
524	2005	2005	17791	714
525	2005	2005	17879	714
526	2007	2007	1609	161
527	1993	2007	7460	161
528	2002	2002	14047	161
529	2002	2007	15879	161
530	2013	2015	17060	161
531	2002	2007	18149	161
532	2018	2019	19439	161
533	2010	2019	1610	1610
534	1997	1997	13965	1610
535	2018	2019	1632	1632
536	2018	2019	9235	1632
537	2018	2019	14190	1632
538	2019	2019	1657	1658
539	2015	2019	2604	1658
540	2019	2019	2676	1658
541	2019	2019	3036	1658
542	2019	2019	3908	1658
543	2019	2019	5285	1658
544	2019	2019	6979	1658
545	2019	2019	8330	1658
546	2019	2019	12244	1658
547	2019	2019	14338	1658
548	2019	2019	15004	1658
549	2019	2019	17652	1658
550	2019	2019	19433	1658
551	2016	2016	1717	1717
552	2016	2019	1953	1717
553	2016	2016	3929	1717
554	2016	2018	4476	1717
555	2016	2016	5630	1717
556	2016	2019	7172	1717
557	2016	2019	10996	1717
558	2016	2019	11241	1717
559	2016	2016	11357	1717
560	2016	2016	11876	1717
561	2016	2016	13148	1717
562	2016	2016	13230	1717
563	2016	2016	15731	1717
564	2016	2016	19089	1717
565	2016	2019	19292	1717
566	2012	2017	1726	932
567	2012	2018	9330	932
568	2012	2018	9805	932
569	2012	2017	17838	932
570	2012	2017	17949	932
571	2012	2018	18858	932
572	2013	2014	1759	343
573	2015	2017	5831	343
574	2017	2017	1786	1786
575	2017	2017	12496	1786
576	2017	2017	18108	1786
577	2017	2017	18664	1786
578	1994	1995	1817	56
579	2014	2017	1854	73
580	1990	1993	3715	73
581	2014	2015	5556	73
582	2014	2017	8361	73
583	2014	2017	11252	73
584	2014	2017	11823	73
585	2014	2015	12080	73
586	2014	2017	12283	73
587	2014	2017	13366	73
588	1987	1989	17014	73
589	2005	2009	1855	98
590	2007	2010	1873	1873
591	2007	2009	2768	1873
592	2004	2006	11364	1873
593	2009	2010	11527	1873
594	2015	2017	11733	1873
595	2008	2016	11846	1873
596	2004	2017	12952	1873
597	2007	2017	13131	1873
598	2011	2017	13386	1873
599	2014	2017	13469	1873
600	2013	2017	13541	1873
601	2004	2017	14855	1873
602	2015	2017	15393	1873
603	2014	2016	15845	1873
604	2009	2016	17013	1873
605	2013	2016	17630	1873
606	2010	2010	19432	1873
607	2011	2013	1945	201
608	2011	2013	2896	201
609	2018	2019	3429	201
610	2009	2013	7256	201
611	2018	2019	15944	201
612	2018	2019	17087	201
613	1979	1989	1957	94
614	2010	2012	2036	2036
615	2010	2018	7040	2036
616	2010	2012	7515	2036
617	2010	2012	7693	2036
618	2010	2018	7735	2036
619	2010	2018	7852	2036
620	2010	2018	8072	2036
621	2010	2018	9354	2036
622	2010	2018	9432	2036
623	2010	2018	9803	2036
624	2010	2018	10526	2036
625	2010	2018	14289	2036
626	2010	2012	19418	2036
627	2010	2012	19712	2036
628	1992	1994	2046	583
629	1992	1994	5026	583
630	2005	2009	15810	583
631	1990	2009	17564	583
632	2018	2019	2056	1157
633	2011	2017	3546	1157
634	2018	2018	3790	1157
635	2018	2018	11084	1157
636	2016	2016	2060	528
637	2016	2016	6371	528
638	2016	2016	11181	528
639	2016	2016	13988	528
640	2016	2016	18959	528
641	2016	2016	19396	528
642	2014	2018	2076	2076
643	2017	2019	2101	516
644	2017	2018	5013	516
645	2017	2019	5073	516
646	2016	2019	5389	516
647	2017	2017	9366	516
648	2016	2017	10061	516
649	2017	2019	14146	516
650	2017	2019	15089	516
651	2016	2018	16352	516
652	2017	2019	16803	516
653	2017	2018	17211	516
654	2017	2019	17807	516
655	2008	2011	2111	1680
656	2015	2019	13888	1680
657	1978	2017	2149	2149
658	2013	2014	2162	39
659	2013	2014	10035	39
660	2013	2014	12086	39
661	2013	2014	16902	39
662	2006	2006	2165	440
663	1995	1996	2174	2175
664	2009	2019	2195	2195
665	1973	1992	2222	2195
666	2005	2019	17272	2195
667	2006	2006	17884	2195
668	2005	2019	18803	2195
669	2008	2014	2202	1634
670	1977	1989	2204	632
671	1988	1989	11616	632
672	1989	1989	11882	632
673	1971	1975	13449	632
674	2008	2012	2257	371
675	1998	2000	6814	371
676	2008	2008	10809	371
677	1998	1998	14368	371
678	1993	1998	14380	371
679	1998	1998	14536	371
680	1998	1998	18839	371
681	2010	2013	2279	1281
682	2009	2016	7665	1281
683	2013	2016	7845	1281
684	2011	2016	13761	1281
685	2017	2018	2291	2291
686	2014	2017	2301	1837
687	1992	2017	9447	1837
688	2014	2017	12322	1837
689	1992	1992	13055	1837
690	2014	2014	14646	1837
691	2014	2017	16810	1837
692	2014	2016	19084	1837
693	2014	2017	19128	1837
694	1996	1998	2317	2317
695	1996	1998	2893	2317
696	1996	1998	3549	2317
697	1996	1998	5826	2317
698	1996	1998	9158	2317
699	1996	1998	18740	2317
700	2009	2019	2319	2319
701	2014	2016	2347	1128
702	2014	2016	3108	1128
703	2014	2016	14621	1128
704	2014	2015	16571	1128
705	2004	2016	2354	284
706	2004	2016	15040	284
707	2016	2019	2361	2361
708	2009	2016	3783	2361
709	2006	2009	10253	2361
710	2016	2019	13872	2361
711	2014	2019	14750	2361
712	2016	2019	14961	2361
713	2011	2016	15982	2361
714	2009	2011	17723	2361
715	2006	2009	18305	2361
716	2010	2019	18925	2361
717	2018	2018	2378	36
718	2004	2013	2389	36
719	2018	2018	4654	36
720	2006	2010	6957	36
721	2018	2018	7663	36
722	1974	1998	12365	36
723	2018	2018	12887	36
724	2018	2018	13763	36
725	2018	2018	14404	36
726	2004	2010	15852	36
727	2015	2017	2417	2417
728	2015	2017	6767	2417
729	1997	2019	2418	2418
730	1994	1994	2486	2065
731	1994	1994	13084	2065
732	2005	2019	13358	2065
733	1994	1994	15094	2065
734	1990	1995	15980	2065
735	1994	1994	16129	2065
736	1994	1994	18086	2065
737	1994	1994	18867	2065
738	2013	2015	2501	406
739	2013	2015	4066	406
740	2011	2015	4685	406
741	2016	2017	4894	406
742	2013	2015	10474	406
743	2012	2015	11077	406
744	2012	2015	12015	406
745	2005	2015	17127	406
746	2013	2015	18607	406
747	2015	2017	2516	738
748	2016	2017	5080	738
749	2015	2017	5711	738
750	2015	2017	6093	738
751	2015	2017	12589	738
752	2015	2017	12843	738
753	2015	2017	16046	738
754	2015	2017	19251	738
755	2015	2017	19443	738
756	2017	2018	2529	2529
757	2017	2018	12025	2529
758	2015	2018	2531	1445
759	1992	2012	2812	1445
760	2012	2018	11757	1445
761	1992	1992	12220	1445
762	2012	2018	14042	1445
763	2004	2006	16860	1445
764	1992	1993	17757	1445
765	2018	2018	2569	1005
766	2018	2018	2998	1005
767	2018	2018	14863	1005
768	1983	1989	2584	2584
769	2006	2006	2595	108
770	2012	2014	3142	108
771	2008	2011	3295	108
772	2015	2017	15934	108
773	2002	2002	2606	2606
774	1988	1988	2629	7
775	2010	2010	14169	7
776	1988	1988	17502	7
777	1988	1988	17568	7
778	1988	1988	18459	7
779	2010	2010	19731	7
780	2010	2019	2632	2489
781	2006	2010	19230	2489
782	2017	2019	2633	2633
783	2017	2019	7096	2633
784	2017	2019	10539	2633
785	2017	2019	13293	2633
786	2017	2019	15446	2633
787	1991	1996	16408	2633
788	2017	2019	17181	2633
789	2015	2019	2664	1312
790	2014	2014	4500	1312
791	2010	2011	2713	236
792	2010	2010	3025	236
793	2010	2011	4706	236
794	2010	2019	4927	236
795	2010	2011	7005	236
796	2010	2011	7633	236
797	2010	2010	8498	236
798	2010	2010	12259	236
799	2010	2011	14902	236
800	2010	2011	16366	236
801	2010	2011	17457	236
802	2010	2011	17597	236
803	2010	2011	19411	236
804	1997	1997	2750	57
805	2017	2017	2754	41
806	2019	2019	2764	2764
807	2017	2019	13999	2764
808	1995	1997	2767	686
809	1996	1997	11093	686
810	1995	1997	11159	686
811	1995	1997	11528	686
812	1995	1995	11923	686
813	1995	1997	12569	686
814	1996	1997	13159	686
815	1996	1997	13477	686
816	1996	1996	13527	686
817	1995	1997	13718	686
818	1995	1996	13811	686
819	2015	2019	13983	686
820	1995	1997	14270	686
821	1996	1997	14373	686
822	1990	1996	2811	2811
823	1993	1997	3464	2811
824	1987	1998	5891	2811
825	1986	1998	9981	2811
826	1987	1993	15185	2811
827	2016	2016	2830	2830
828	2016	2016	2957	2957
829	2016	2017	3924	2957
830	1978	1981	2959	2561
831	2018	2019	5716	2561
832	2016	2019	7627	2561
833	1987	1987	11195	2561
834	2009	2013	14337	2561
835	2016	2019	15999	2561
836	2016	2019	17843	2561
837	2008	2011	18900	2561
838	1989	2016	3010	3010
839	1985	1992	14411	3010
840	2017	2019	3047	165
841	2010	2019	3110	3110
842	2010	2019	6644	3110
843	2011	2019	14119	3110
844	2010	2019	14246	3110
845	2010	2019	14360	3110
846	2010	2018	14397	3110
847	2014	2019	16003	3110
848	2010	2011	16591	3110
849	2010	2019	17459	3110
850	2018	2019	3121	71
851	2017	2018	4310	71
852	2018	2019	6905	71
853	2018	2019	6936	71
854	2018	2019	10044	71
855	2018	2019	12256	71
856	2018	2019	12860	71
857	2014	2017	14721	71
858	2018	2019	16068	71
859	2018	2019	18682	71
860	2011	2011	18828	71
861	2008	2011	3140	1205
862	2017	2019	3168	3168
863	2014	2014	3224	3224
864	2014	2014	6125	3224
865	2014	2014	16139	3224
866	2005	2017	3236	1008
867	2005	2017	3268	923
868	2017	2019	3624	923
869	1989	1999	5480	923
870	2005	2014	15650	923
871	2005	2005	19351	923
872	2008	2019	3300	3300
873	2018	2019	5606	3300
874	2005	2019	6933	3300
875	2005	2009	14064	3300
876	2007	2009	18281	3300
877	2008	2009	19159	3300
878	2009	2019	19515	3300
879	2008	2017	3301	34
880	2017	2017	3705	34
881	2015	2017	5875	34
882	2010	2013	3309	175
883	1976	1976	16021	175
884	2011	2011	3320	3320
885	2012	2013	3322	948
886	2012	2013	5830	948
887	2012	2013	6765	948
888	2012	2013	12710	948
889	2008	2011	3335	3335
890	2008	2019	12229	3335
891	2007	2012	3343	170
892	2007	2012	19687	170
893	2006	2008	3364	630
894	2004	2008	3493	630
895	2015	2019	4155	630
896	2005	2019	5504	630
897	2004	2007	6804	630
898	2015	2019	7603	630
899	2011	2019	9310	630
900	1998	1999	11440	630
901	2015	2017	12648	630
902	2015	2019	13737	630
903	2005	2013	13904	630
904	2004	2005	18847	630
905	2017	2017	3423	3423
906	2016	2019	3427	3139
907	2011	2016	11990	3139
908	2010	2016	3444	1608
909	2006	2019	14427	1608
910	2007	2016	16035	1608
911	2006	2009	16512	1608
912	2006	2016	17631	1608
913	2006	2009	18211	1608
914	2010	2016	19528	1608
915	2016	2016	19549	1608
916	2006	2016	19692	1608
917	2013	2018	3479	1629
918	2017	2018	8031	1629
919	2013	2018	11359	1629
920	2017	2017	13907	1629
921	2017	2017	14300	1629
922	2013	2018	14444	1629
923	1976	2009	3517	530
924	2018	2018	4618	530
925	2016	2018	6248	530
926	2015	2018	6681	530
927	1987	1987	3519	198
928	1988	1988	3880	198
929	1985	2007	11399	198
930	1986	1986	18728	198
931	2011	2011	3538	168
932	2011	2011	4088	168
933	2011	2011	7487	168
934	2011	2011	7911	168
935	2011	2011	9694	168
936	2011	2011	9969	168
937	2011	2011	17659	168
938	1993	1997	3543	3543
939	2015	2019	5234	3543
940	2005	2019	5408	3543
941	2015	2017	6008	3543
942	1993	1997	6965	3543
943	1992	1997	9025	3543
944	2015	2019	9710	3543
945	2015	2019	9812	3543
946	2015	2019	10401	3543
947	2015	2019	11436	3543
948	2014	2014	11967	3543
949	2014	2016	13636	3543
950	2005	2014	13775	3543
951	2015	2019	13815	3543
952	1992	2014	14134	3543
953	2005	2019	14802	3543
954	1990	1990	15036	3543
955	1992	1997	15581	3543
956	1992	1997	16137	3543
957	2005	2006	16701	3543
958	1995	1997	17363	3543
959	1992	1995	17833	3543
960	2015	2015	3559	44
961	2015	2015	3918	44
962	2015	2015	4912	44
963	2015	2015	5742	44
964	2015	2015	6271	44
965	2015	2015	6991	44
966	2015	2015	8726	44
967	2015	2015	10264	44
968	2015	2018	3564	3564
969	2012	2018	16199	3564
970	2018	2018	3629	2446
971	2014	2014	14932	2446
972	2006	2019	3649	399
973	1996	1996	3664	2217
974	1996	1996	4375	2217
975	1996	1996	10014	2217
976	2019	2019	11322	2217
977	1996	1996	11729	2217
978	2010	2010	15534	2217
979	1996	1996	15586	2217
980	2010	2012	15837	2217
981	1996	1996	16471	2217
982	1996	1996	17229	2217
983	2010	2010	17267	2217
984	2014	2016	3697	3697
985	2009	2013	3698	3698
986	2007	2010	3735	3735
987	2015	2019	6969	3735
988	2015	2015	13380	3735
989	2010	2019	3737	1803
990	2016	2019	3806	336
991	2008	2019	3811	973
992	2014	2019	3831	3831
993	1972	2014	13259	3831
994	1969	1969	16838	3831
995	2017	2017	3849	3849
996	2017	2019	7833	3849
997	2011	2016	8231	3849
998	2012	2019	3883	2887
999	2015	2015	3887	1461
1000	2011	2015	5193	1461
1001	2011	2015	9513	1461
1002	2011	2012	9665	1461
1003	1994	2012	11694	1461
1004	2015	2015	13253	1461
1005	2011	2012	13399	1461
1006	2011	2015	15745	1461
1007	1994	1994	16749	1461
1008	1994	2015	18844	1461
1009	2012	2015	4000	4000
1010	2012	2012	13797	4000
1011	2012	2015	15024	4000
1012	2012	2015	15957	4000
1013	2007	2012	18577	4000
1014	2012	2015	19373	4000
1015	2015	2019	4039	272
1016	2017	2018	4111	2688
1017	2017	2018	5702	2688
1018	2010	2013	9885	2688
1019	2018	2019	4128	407
1020	2018	2019	4165	4165
1021	2018	2019	5120	4165
1022	2018	2019	16636	4165
1023	2018	2019	19142	4165
1024	1966	1991	4184	869
1025	1992	2006	12198	869
1026	1982	1985	13403	869
1027	1982	1984	15723	869
1028	2016	2016	4191	4191
1029	2016	2016	6616	4191
1030	2016	2019	7464	4191
1031	2016	2019	8225	4191
1032	2016	2018	11338	4191
1033	2016	2019	12911	4191
1034	2012	2018	4194	1351
1035	2007	2008	4213	226
1036	2019	2019	4226	1883
1037	2015	2016	5897	1883
1038	2018	2018	6615	1883
1039	2019	2019	8533	1883
1040	2019	2019	12936	1883
1041	2019	2019	13214	1883
1042	2017	2017	4230	612
1043	1986	1998	11170	612
1044	1985	1985	13356	612
1045	2017	2019	4270	27
1046	2017	2018	4310	807
1047	2018	2019	6936	807
1048	2008	2011	4330	15
1049	2019	2019	4381	4381
1050	2012	2018	15211	4381
1051	2017	2018	4441	545
1052	1982	1996	16708	545
1053	2005	2009	4582	148
1054	2012	2017	4869	84
1055	2011	2017	8642	84
1056	1982	1982	10896	84
1057	2013	2017	16372	84
1058	1993	1997	4954	4954
1059	1994	1997	6972	4954
1060	1997	1997	12427	4954
1061	1993	1997	12767	4954
1062	1994	1997	14615	4954
1063	1993	1994	15898	4954
1064	1996	2018	16681	4954
1065	2011	2017	4959	3599
1066	2017	2017	9036	3599
1067	2017	2019	4968	4968
1068	2017	2017	4983	369
1069	2017	2017	13348	369
1070	2017	2017	16421	369
1071	2016	2019	5152	24
1072	2016	2017	5253	787
1073	2004	2015	16386	787
1074	2016	2017	16597	787
1075	1996	1996	17352	787
1076	2017	2019	5259	1956
1077	2004	2004	5283	2571
1078	2018	2018	5316	2932
1079	2018	2018	6904	2932
1080	2018	2018	7232	2932
1081	2009	2011	5367	66
1082	1998	1998	5382	3435
1083	1998	2000	10572	3435
1084	1999	2000	13281	3435
1085	1999	2000	16266	3435
1086	1996	1999	19192	3435
1087	1996	1997	5393	1718
1088	2015	2019	5432	4097
1089	2018	2018	5449	1458
1090	2018	2019	11787	1458
1091	1977	1997	5480	1360
1092	1977	1977	16747	1360
1093	2018	2019	5535	5535
1094	1989	1994	16639	5535
1095	1997	1997	5541	759
1096	2015	2018	5595	2776
1097	2015	2018	6977	2776
1098	2014	2014	7048	2776
1099	2015	2018	8204	2776
1100	2014	2018	8434	2776
1101	2015	2018	8442	2776
1102	2016	2017	8464	2776
1103	2016	2017	10243	2776
1104	2015	2018	12959	2776
1105	2016	2019	14660	2776
1106	2015	2018	15509	2776
1107	2015	2018	17711	2776
1108	2015	2018	18140	2776
1109	2016	2018	5617	323
1110	2012	2016	5635	2553
1111	2015	2017	10629	2553
1112	2015	2017	17887	2553
1113	2015	2017	17907	2553
1114	2015	2016	18382	2553
1115	1987	1995	5665	251
1116	2007	2012	5811	5811
1117	2017	2017	5872	5872
1118	1964	1968	6603	5872
1119	2017	2018	9961	5872
1120	2017	2018	15410	5872
1121	1965	1984	16043	5872
1122	2017	2018	17387	5872
1123	2009	2012	5890	564
1124	1978	1990	13531	564
1125	1996	1996	13587	564
1126	2005	2009	16343	564
1127	2016	2019	5935	5936
1128	2013	2018	5983	5983
1129	1988	2012	11804	5983
1130	1982	1986	14105	5983
1131	2013	2018	18918	5983
1132	1988	1996	5989	2746
1133	2011	2011	13640	2746
1134	1999	2008	5991	3631
1135	2009	2009	9367	3631
1136	1995	1997	6025	5127
1137	1983	1983	8294	5127
1138	1994	1994	15775	5127
1139	1991	1997	18752	5127
1140	2017	2017	6026	6026
1141	1981	1998	6029	1228
1142	1991	1995	6043	6043
1143	1991	1995	6148	6043
1144	1991	1995	15785	6043
1145	1993	1998	6076	20
1146	2006	2007	8646	20
1147	2007	2010	13266	20
1148	2008	2008	6077	6077
1149	2018	2019	6138	2081
1150	2018	2019	16336	2081
1151	2015	2018	6192	570
1152	1982	2015	12602	570
1153	2019	2019	6279	6279
1154	2008	2011	6362	6362
1155	1993	1998	12615	6362
1156	2013	2019	6409	1098
1157	1977	1987	14026	1098
1158	1995	1996	6415	89
1159	1966	1993	13531	89
1160	2018	2019	6459	1795
1161	1975	1999	7253	1795
1162	2017	2018	6536	2089
1163	2016	2019	16555	2089
1164	2014	2019	6617	533
1165	2015	2019	6621	482
1166	1981	1986	6664	3372
1167	2014	2014	6683	5364
1168	2017	2018	6845	382
1169	2017	2018	18107	382
1170	2016	2019	6877	47
1171	2016	2017	9065	47
1172	2016	2019	6942	6942
1173	2016	2019	18841	6942
1174	1995	1995	7104	7104
1175	2014	2015	7124	7124
1176	2016	2017	7134	7134
1177	2007	2019	7177	2710
1178	2013	2019	7189	7189
1179	2018	2019	7248	3288
1180	2018	2019	8464	3288
1181	2013	2018	9452	3288
1182	2012	2019	11247	3288
1183	2012	2012	12132	3288
1184	2015	2015	12335	3288
1185	2018	2019	17233	3288
1186	2018	2019	7250	18
1187	2012	2017	7344	5417
1188	2015	2019	9227	5417
1189	2006	2012	7468	2334
1190	2006	2018	13688	2334
1191	2018	2019	7528	2679
1192	2016	2017	7530	359
1193	1999	2015	13087	359
1194	2006	2006	14057	359
1195	2006	2006	15355	359
1196	2006	2006	17725	359
1197	2017	2019	7589	571
1198	2013	2019	7667	577
1199	2006	2012	12609	577
1200	1988	1997	7696	1960
1201	1983	1997	10266	1960
1202	1997	1997	10421	1960
1203	1985	1995	11926	1960
1204	1984	1988	13937	1960
1205	1981	1986	14081	1960
1206	1987	1994	14791	1960
1207	2014	2014	7715	554
1208	2011	2018	7730	3707
1209	2018	2019	7774	143
1210	2005	2010	7776	2960
1211	2010	2019	15923	2960
1212	2017	2019	7813	142
1213	2012	2012	7926	4556
1214	2016	2016	7958	4556
1215	2016	2018	8530	4556
1216	1997	2018	7931	7400
1217	1994	1998	8064	754
1218	1991	1991	8324	754
1219	1991	1998	12748	754
1220	1993	1998	13852	754
1221	1994	1998	14311	754
1222	2006	2011	16482	754
1223	2005	2006	8065	8065
1224	2016	2019	8083	713
1225	2013	2018	8108	8108
1226	1987	1987	8115	5339
1227	1983	1989	9272	5339
1228	1987	1989	11766	5339
1229	1973	1994	13531	5339
1230	1976	1982	13643	5339
1231	2005	2010	16141	5339
1232	1976	1989	16948	5339
1233	1989	1990	8116	896
1234	1989	1990	12674	896
1235	2005	2007	8132	253
1236	2012	2014	8272	8272
1237	2013	2019	8306	8306
1238	2018	2019	9941	8306
1239	2018	2019	19314	8306
1240	1992	2019	8336	736
1241	2018	2019	8438	238
1242	2009	2012	14560	238
1243	2014	2017	8550	1422
1244	2014	2017	11480	1422
1245	2014	2017	11769	1422
1246	2014	2017	13982	1422
1247	2014	2017	16070	1422
1248	2014	2017	18932	1422
1249	2014	2017	19217	1422
1250	1968	1968	8622	10
1251	2019	2019	10571	10
1252	2019	2019	13034	10
1253	1985	1985	14748	10
1254	1979	1999	17396	10
1255	1968	1968	19097	10
1256	1984	2008	8624	5228
1257	2009	2019	8709	8709
1258	2008	2019	8834	38
1259	1985	1985	8839	7179
1260	1987	1990	18190	7179
1261	2017	2019	8848	141
1262	2001	2001	9532	141
1263	2007	2008	8886	873
1264	2007	2008	15487	873
1265	2013	2018	8909	61
1266	2013	2018	17699	61
1267	1976	1976	8915	2092
1268	1976	1976	17616	2092
1269	2013	2019	9010	9010
1270	2012	2016	9078	2289
1271	2019	2019	9116	31
1272	1984	1984	9207	858
1273	1988	1991	19076	858
1274	2018	2019	9220	617
1275	2010	2019	9270	9270
1276	2008	2019	9336	447
1277	1988	1988	9375	1376
1278	2010	2011	9383	7612
1279	2011	2016	9391	9391
1280	1985	2016	12269	9391
1281	2012	2016	15435	9391
1282	2018	2019	9411	243
1283	1984	1984	16428	243
1284	1984	1984	18619	243
1285	1990	1990	9461	9461
1286	2018	2019	13354	9461
1287	2018	2019	9493	2439
1288	1976	1977	10012	2439
1289	1989	1992	9557	1509
1290	2004	2012	11969	1509
1291	2018	2019	12772	1509
1292	2004	2008	9596	126
1293	2003	2008	14592	126
1294	1998	1998	9655	1698
1295	2015	2019	11040	1698
1296	1994	1999	9667	7357
1297	2000	2010	12178	7357
1298	2018	2019	9682	573
1299	1987	1987	14310	573
1300	1971	1972	9762	9762
1301	2004	2007	9780	840
1302	2004	2007	11594	840
1303	2004	2007	15592	840
1304	2007	2008	9797	9797
1305	2007	2009	9932	2219
1306	2011	2013	10061	905
1307	2009	2010	11774	905
1308	1993	1994	10067	10067
1309	1989	1992	13611	10067
1310	2008	2019	14272	10067
1311	1992	1993	18543	10067
1312	2009	2013	10213	225
1313	1993	1993	10249	10249
1314	1992	2007	10329	10329
1315	2014	2019	15108	10329
1316	2016	2017	17826	10329
1317	2005	2018	10391	10391
1318	1991	1998	10399	150
1319	2008	2008	10449	10449
1320	2015	2018	12371	10449
1321	1989	1994	10451	6929
1322	2013	2018	13357	6929
1323	1989	1994	14865	6929
1324	2009	2017	10504	421
1325	1991	1995	10558	2722
1326	1990	1990	11852	2722
1327	1990	1990	14650	2722
1328	1990	1990	17119	2722
1329	1990	1990	19499	2722
1330	1994	1994	10569	1999
1331	1994	1994	11576	1999
1332	1993	1998	12425	1999
1333	1993	1998	12505	1999
1334	1993	1998	15114	1999
1335	2015	2019	10574	10574
1336	2015	2015	11125	10574
1337	1992	1992	10670	1429
1338	1993	1995	10672	10672
1339	1995	1997	15190	10672
1340	2016	2016	10693	1442
1341	2016	2016	13191	1442
1342	2015	2019	17828	1442
1343	1982	1987	10823	10823
1344	2012	2015	10837	1882
1345	1990	1991	10866	3733
1346	2014	2019	10912	535
1347	2008	2015	10969	10969
1348	2015	2019	11011	5323
1349	2017	2019	12426	5323
1350	2014	2014	13555	5323
1351	2009	2019	11019	303
1352	2013	2016	11031	78
1353	2008	2018	11147	8724
1354	2018	2019	11158	11158
1355	2012	2012	11957	11158
1356	2013	2019	11209	5706
1357	2006	2011	14490	5706
1358	2016	2018	11259	2444
1359	2016	2018	11864	2444
1360	2016	2018	18616	2444
1361	2001	2002	11281	11281
1362	2015	2015	11305	1618
1363	1986	2009	11308	412
1364	2005	2009	11351	157
1365	2010	2018	18442	157
1366	2016	2018	11377	11377
1367	1983	1983	11383	206
1368	1991	1991	13313	206
1369	1989	1992	11408	5232
1370	2018	2019	11417	11199
1371	1991	1996	11459	11199
1372	1984	1991	11519	11519
1373	1992	1992	11558	1292
1374	2009	2013	11559	2674
1375	1978	1982	11566	11566
1376	2004	2007	11612	312
1377	2002	2011	15484	312
1378	2011	2016	16973	312
1379	1986	1986	11631	1466
1380	1986	1988	14951	1466
1381	1986	1988	15777	1466
1382	1986	1986	17122	1466
1383	1986	1988	18908	1466
1384	1986	1988	19518	1466
1385	1986	1988	19600	1466
1386	2017	2019	11632	1867
1387	2012	2017	15076	1867
1388	2004	2005	15187	1867
1389	2011	2011	11641	408
1390	2011	2014	11869	408
1391	2011	2011	13796	408
1392	2011	2013	14815	408
1393	2012	2014	15638	408
1394	2014	2014	16235	408
1395	1994	2000	11648	11648
1396	2010	2019	12993	11648
1397	2014	2014	13102	11648
1398	1979	1992	11664	11664
1399	2009	2009	11666	1874
1400	2009	2009	19102	1874
1401	2017	2019	11760	704
1402	2005	2012	13175	704
1403	2018	2019	11829	3487
1404	1994	1997	14347	3487
1405	2018	2018	11845	354
1406	2008	2011	11861	2302
1407	1988	1997	11875	7030
1408	1991	1998	11896	310
1409	1990	2019	11907	1481
1410	1991	1991	13182	1481
1411	1991	1992	13361	1481
1412	1998	1998	15887	1481
1413	1991	1998	17573	1481
1414	1991	1998	18165	1481
1415	1993	1998	11920	228
1416	1997	1997	11928	5065
1417	1982	1982	11943	543
1418	1993	2016	11946	11946
1419	1994	1997	11982	2532
1420	1993	2017	11985	924
1421	2018	2019	18115	924
1422	2004	2009	11998	414
1423	2013	2013	12689	414
1424	1996	2008	11998	3550
1425	2018	2018	13928	3550
1426	1969	1992	12009	12009
1427	1983	1990	12009	2164
1428	1999	2000	14295	2164
1429	2009	2017	12013	628
1430	1987	2019	12054	1581
1431	2005	2005	12059	12059
1432	2004	2005	17819	12059
1433	1989	2012	12163	710
1434	2009	2009	17733	710
1435	2009	2009	18449	710
1436	1991	1993	12186	2652
1437	2012	2019	12212	1131
1438	2005	2019	12239	12239
1439	1990	2018	12251	12251
1440	1997	2019	12285	12285
1441	1985	1997	12639	12285
1442	1997	1997	19603	12285
1443	2013	2013	12299	12299
1444	2009	2019	12302	857
1445	1970	1975	12306	4761
1446	1991	1994	13374	4761
1447	1970	1973	17277	4761
1448	2014	2015	12311	4606
1449	1973	1984	12337	6241
1450	1985	1988	16028	6241
1451	1979	1979	17054	6241
1452	1996	1997	12342	518
1453	2012	2019	16976	518
1454	1977	1996	17022	518
1455	1971	1993	12345	4290
1456	1981	1984	12352	370
1457	1981	1990	14322	370
1458	1975	1995	12415	11714
1459	1996	1997	16337	11714
1460	1981	1992	17258	11714
1461	1986	1991	12437	10426
1462	1993	1996	13963	10426
1463	1986	1996	19001	10426
1464	2008	2013	12486	12486
1465	2016	2017	12490	1663
1466	2013	2013	12553	12553
1467	2009	2015	12647	118
1468	2016	2017	13833	118
1469	1999	1999	12709	12709
1470	2011	2016	12723	2343
1471	2005	2005	14176	2343
1472	2005	2014	17318	2343
1473	2005	2015	19521	2343
1474	1987	1987	12729	1299
1475	2006	2009	12752	197
1476	1977	1994	13531	197
1477	1979	1982	17198	197
1478	1980	1989	17940	197
1479	2011	2011	12765	12765
1480	2010	2013	12796	32
1481	2009	2009	13292	32
1482	2010	2012	13317	32
1483	1982	1991	12828	12828
1484	2005	2011	12833	12833
1485	2018	2019	12944	1018
1486	1996	1998	14098	1018
1487	1993	2000	12978	12978
1488	1998	1998	13001	13001
1489	2018	2018	14807	13001
1490	2013	2013	13087	799
1491	2012	2012	13134	13134
1492	2010	2012	13145	5759
1493	2005	2019	13170	13170
1494	1980	2000	17917	13170
1495	1985	1998	13212	3521
1496	2004	2019	13221	11964
1497	2004	2017	13247	13247
1498	1990	1990	13289	5850
1499	1990	1991	15009	5850
1500	1991	1992	16534	5850
1501	1990	1992	18563	5850
1502	1994	1994	13321	2882
1503	1995	1995	13360	5537
1504	1995	1995	14524	5537
1505	2019	2019	13393	11039
1506	1984	1987	13441	13441
1507	2015	2019	13464	4884
1508	2007	2011	14729	4884
1509	2016	2019	13506	8522
1510	2011	2016	13606	104
1511	2015	2019	13644	302
1512	2018	2018	13655	474
1513	2018	2018	14933	474
1514	2018	2019	13693	1864
1515	2004	2019	17960	1864
1516	1995	1998	13735	1562
1517	1988	1990	13791	13791
1518	2010	2010	13808	2734
1519	2018	2019	13925	2260
1520	1994	1994	13968	13968
1521	1982	1984	13970	13968
1522	2016	2016	18202	13968
1523	1996	1997	13983	13986
1524	1994	2009	13989	2789
1525	1994	1996	14077	2889
1526	2015	2016	14123	159
1527	2011	2019	14130	13107
1528	2019	2019	14165	841
1529	1988	1992	14192	14192
1530	2014	2019	14235	2656
1531	1997	2005	14244	3523
1532	2017	2019	14796	3523
1533	2010	2017	14273	10136
1534	1983	1997	14323	278
1535	2006	2013	14455	14455
1536	2006	2010	14581	936
1537	1990	1992	14606	1767
1538	2015	2018	15409	1767
1539	1995	1996	15904	1767
1540	1991	1991	16065	1767
1541	1990	1990	16108	1767
1542	1986	1986	14608	1868
1543	1994	1997	14693	2244
1544	1990	1997	15962	2244
1545	1974	1978	14732	1578
1546	2010	2011	14738	14738
1547	2015	2019	14767	3212
1548	1981	1993	14777	513
1549	1987	1987	15722	513
1550	2012	2018	14794	3865
1551	1997	1997	14801	14801
1552	2016	2019	14841	14841
1553	2009	2014	14896	711
1554	1998	2006	14975	174
1555	2017	2019	15012	476
1556	2018	2018	15077	593
1557	1984	1987	15141	3829
1558	2018	2019	18457	3829
1559	2018	2019	15184	4262
1560	2011	2012	18845	4262
1561	1979	1979	15208	8
1562	1979	1979	18351	8
1563	1987	1997	15274	1288
1564	2016	2019	15383	897
1565	2006	2019	15389	5634
1566	1998	1998	15391	3081
1567	1984	1985	15433	3146
1568	2010	2016	15526	2313
1569	1987	1992	15529	552
1570	1993	1998	18699	552
1571	2018	2019	15559	2457
1572	2006	2006	15603	232
1573	2015	2019	19506	232
1574	2005	2018	15659	767
1575	2014	2015	15688	8270
1576	2006	2013	15691	15691
1577	2017	2018	15761	619
1578	1996	1996	15787	15787
1579	1996	1996	17874	15787
1580	1994	1995	15815	3506
1581	1994	1997	15861	12001
1582	1978	1983	15935	2747
1583	2010	2019	15968	3200
1584	1991	1993	16602	3200
1585	1991	1992	17046	3200
1586	1991	1993	17052	3200
1587	1991	1993	18894	3200
1588	1989	2009	15974	13864
1589	1989	2009	16016	2598
1590	2014	2019	16017	358
1591	2011	2011	16057	3784
1592	2009	2009	16085	2238
1593	2011	2013	19036	2238
1594	2015	2015	16240	761
1595	1971	1971	16252	184
1596	2017	2019	16263	16263
1597	2008	2015	16271	865
1598	2008	2019	16273	70
1599	2012	2019	16274	1662
1600	1987	1987	16286	1601
1601	1987	1992	16299	9
1602	2009	2010	16314	6096
1603	2006	2007	16354	6096
1604	1996	1996	16451	1211
1605	2010	2011	16482	72
1606	2013	2018	18168	72
1607	2018	2018	16497	1183
1608	1991	1992	16507	1943
1609	2009	2013	16510	6745
1610	1962	1962	16538	11549
1611	2008	2018	16556	597
1612	2015	2019	16709	11009
1613	2018	2018	16731	173
1614	2006	2011	16798	10276
1615	2004	2011	16816	4288
1616	2006	2013	16905	4325
1617	2009	2019	16920	8519
1618	2012	2015	16972	14392
1619	2015	2018	17448	14392
1620	1993	1993	17007	35
1621	1994	2018	17304	17304
1622	1988	2012	17393	151
1623	1985	1991	17473	1476
1624	2018	2019	19163	1476
1625	1993	2005	17475	224
1626	1991	1991	17570	5713
1627	1996	1996	17672	347
1628	1988	1996	17677	268
1629	1980	2009	17864	268
1630	1991	1995	17712	2575
1631	2007	2011	17739	17739
1632	1992	1997	17752	2018
1633	1986	1996	17870	694
1634	1997	2008	17929	17929
1635	1980	1984	17931	17931
1636	2013	2015	17980	17980
1637	2013	2013	18085	2167
1638	2015	2016	18087	2496
1639	2016	2019	18096	3913
1640	2005	2005	18102	16505
1641	2009	2019	18183	348
1642	2004	2017	18329	18329
1643	2013	2018	18337	6526
1644	2006	2013	18354	10030
1645	2008	2018	18471	2579
1646	1994	1994	18480	18480
1647	2009	2019	18511	14324
1648	2015	2017	18531	1433
1649	2012	2013	18551	274
1650	1988	1991	18673	418
1651	1996	1997	19223	418
1652	2017	2017	18794	18794
1653	1980	2013	18820	18820
1654	2016	2016	18893	2177
1655	2018	2019	19014	2041
1656	1989	1992	19103	526
1657	2013	2014	19191	523
1658	2009	2019	19272	2
1659	2018	2019	19343	290
1660	2014	2014	19352	110
1661	2004	2014	19375	4374
1662	2017	2019	19514	11826
1663	1991	2019	19707	4006
1664	2018	2018	19718	4397
