EditorYear	EdiCount	AutCount
-8	0	0.0
-7	0	0.0
-6	0	0.0
-5	0	0.0
-4	0	0.0
-3	0	0.0
-2	0	0.0
-1	0	0.0
0	2	0.0
1	1	0.0
2	1	0.0
3	1	0.0
4	0	0.0
5	2	0.0
6	2	0.0
7	4	0.0
8	4	0.0
9	7	0.0
10	5	0.0
11	8	0.0
-9	0	0.0
-8	0	0.0
-7	0	0.0
-6	0	0.0
-5	0	0.0
-4	0	0.0
-3	0	0.0
-2	0	0.0
-1	0	0.0
0	0	0.0
1	0	0.0
2	1	0.0
3	1	0.0
4	1	0.0
5	2	0.0
6	2	0.0
7	0	0.0
8	2	0.0
9	3	0.0
10	0	0.0
11	3	0.0
12	1	0.0
13	1	0.0
14	0	0.0
15	0	0.0
16	0	0.0
17	1	0.0
-9	0	0.0
18	1	0.0
19	3	0.0
20	4	0.0
21	1	0.0
22	2	0.0
23	0	0.0
24	1	0.0
25	3	0.0
26	0	0.0
27	1	0.0
28	0	0.0
29	0	0.0
30	0	0.0
31	0	0.0
32	0	0.0
33	0	0.0
34	1	0.0
35	0	0.0
36	0	0.0
-29	0	0.0
-28	0	0.0
-27	0	0.0
-26	0	0.0
-25	0	0.0
-24	0	0.0
-23	0	0.0
-22	0	0.0
-21	0	0.0
-20	0	0.0
-19	0	0.0
-18	0	0.0
-17	0	0.0
-16	0	0.0
-15	0	0.0
-14	0	0.0
-13	0	0.0
-12	0	0.0
-11	0	0.0
-10	0	0.0
-9	0	0.0
-8	0	0.0
-7	0	0.0
-6	0	0.0
-5	0	0.0
-4	0	0.0
-3	0	0.0
-2	1	1.0
-1	1	1.0
0	1	0.0
1	0	0.0
2	2	1.0
3	1	0.0
4	0	0.0
5	2	0.0
6	1	0.0
7	2	1.0
8	7	0.0
9	3	0.0
10	9	1.0
11	3	0.0
12	5	2.0
-27	0	0.0
-26	0	0.0
-25	0	0.0
-24	0	0.0
-23	0	0.0
-22	0	0.0
-21	0	0.0
-20	0	0.0
-19	0	0.0
-18	0	0.0
-17	0	0.0
-16	0	0.0
-15	0	0.0
-14	0	0.0
-13	0	0.0
-12	0	0.0
-11	0	0.0
-10	0	0.0
-9	0	0.0
-8	0	0.0
-7	0	0.0
-6	2	1.58
-5	0	0.58
-4	2	1.58
-3	1	1.58
-2	3	2.26
-1	0	0.0
0	2	0.84
1	2	0.58
2	5	1.42
3	4	2.26
4	1	0.42
5	0	0.42
6	2	0.0
7	2	0.0
8	1	1.42
9	0	1.0
10	1	1.68
11	0	1.68
12	3	2.68
-28	0	0.0
13	1	0.0
-7	0	0.0
-6	0	0.0
-5	0	0.0
-4	1	0.0
-3	1	4.0
-2	2	0.0
-1	0	0.0
0	1	0.0
1	1	0.0
2	0	0.0
3	2	0.0
-11	0	0.0
-10	0	0.0
-9	0	0.0
-8	0	0.0
-7	0	0.0
-6	0	0.0
-5	0	0.0
-4	0	0.0
-3	0	0.0
-2	0	0.0
-1	0	0.0
0	2	0.0
1	2	0.0
2	1	0.0
3	1	0.0
4	0	0.0
5	3	0.0
6	2	0.0
7	3	0.0
8	1	0.0
9	0	0.0
10	1	0.0
-12	0	0.0
-19	0	0.0
-18	0	0.36
-17	0	0.3
-16	0	0.12
-15	0	0.34
-14	0	0.68
-13	0	0.18
-12	0	0.24
-11	0	0.18
-10	1	0.26
-9	0	0.48
-8	1	0.0
-7	1	0.08
-6	0	0.38
-5	0	0.24
-4	1	0.7
-3	0	0.26
-2	1	0.28
-1	0	0.0
0	1	0.08
1	3	0.0
2	5	0.0
3	0	0.12
4	2	0.0
5	0	0.0
6	1	0.0
7	0	0.0
8	0	0.0
9	0	0.0
10	0	0.0
11	0	0.0
12	0	0.0
13	0	0.0
-19	0	0.0
-18	0	0.0
-17	0	0.0
-16	0	0.0
-15	0	0.0
-14	0	0.0
-13	0	0.0
-12	0	0.0
-11	0	0.0
-10	1	0.0
-9	0	0.0
-8	1	1.0
-7	0	0.0
-6	0	0.0
-5	0	0.0
-4	0	1.0
-3	0	0.0
-2	1	1.0
-1	0	0.0
0	1	0.0
1	0	0.0
2	5	0.0
3	0	0.0
4	1	0.0
5	1	0.0
6	0	0.0
7	0	1.0
8	0	0.0
9	2	0.0
10	0	1.0
11	0	0.0
12	1	0.0
13	0	1.0
14	1	1.0
15	1	0.0
16	0	3.0
17	1	3.0
18	1	0.0
19	0	1.0
20	1	2.0
21	0	1.0
22	0	0.0
23	0	1.0
24	0	1.0
25	3	0.0
26	1	1.0
27	1	1.0
-11	0	2.0
-10	0	1.0
-9	0	0.0
-8	0	0.0
-7	1	0.0
-6	0	1.0
-5	3	0.0
-4	0	0.0
-3	0	0.0
-2	0	0.0
-1	0	0.0
0	8	0.0
1	2	0.0
2	3	0.0
3	0	0.0
4	0	0.0
5	0	0.0
6	0	0.0
7	0	0.0
8	0	0.0
-32	0	0.0
-31	0	0.0
-30	0	0.0
-29	0	0.0
-28	0	0.0
-27	0	0.0
-26	0	0.0
-25	0	0.0
-24	0	0.0
-23	0	0.0
-22	0	0.0
-21	0	0.0
-20	0	0.0
-19	0	0.0
-18	0	0.0
-17	0	0.0
-16	0	0.0
-15	0	0.0
-14	0	0.0
-13	0	0.4
-12	0	0.0
-11	0	0.0
-10	0	0.0
-9	0	0.0
-8	0	0.0
-7	0	0.0
-6	0	0.0
-5	0	0.6
-4	0	0.0
-3	1	0.0
-2	0	0.0
-1	0	0.0
0	0	0.0
1	0	0.0
2	1	0.0
3	1	0.0
4	2	0.0
5	5	0.0
6	1	0.0
7	8	0.0
8	9	0.0
9	0	0.0
10	1	0.0
11	1	0.46
12	3	0.0
13	7	0.0
-9	0	2.0
-8	0	1.0
-7	1	0.0
-6	0	0.0
-5	1	0.0
-4	0	1.0
-3	3	0.0
-2	0	0.0
-1	1	1.0
0	6	0.0
1	2	0.0
2	2	0.0
3	1	0.0
4	1	0.0
5	0	0.0
6	2	0.0
7	2	0.0
8	3	0.0
9	0	0.0
10	2	0.0
-16	0	0.0
-15	0	0.0
-14	0	0.0
-13	0	1.0
-12	1	1.0
-11	2	0.0
-10	0	0.0
-9	0	0.0
-8	0	0.0
-7	0	1.0
-6	0	1.0
-5	0	1.0
-4	0	1.0
-3	1	1.0
-2	2	0.0
-1	2	2.0
0	0	0.0
1	2	0.0
2	1	1.0
3	0	1.0
4	1	1.0
5	4	0.0
6	4	0.0
7	2	1.0
8	2	1.0
9	2	1.0
10	3	0.0
11	1	1.0
-18	0	0.45454545454545453
-17	0	0.0
-16	0	0.0
-15	0	0.0
-14	0	0.12
-13	0	0.0
-12	0	0.0
-11	0	0.0
-10	0	0.0
-9	0	0.0
-8	0	0.0
-7	0	0.36
-6	0	0.0
-5	1	0.0
-4	0	0.0
-3	0	0.0
-2	0	0.22
-1	0	0.0
0	0	1.08
1	0	0.0
2	1	0.0
3	1	0.0
4	1	0.0
5	2	0.0
6	3	0.0
7	1	0.0
8	3	0.0
9	1	0.0
10	2	0.0
11	2	0.0
12	0	0.0
13	1	0.0
-5	0	0.0
-4	0	0.0
-3	0	0.0
-2	0	0.0
-1	0	0.0
0	2	0.0
1	0	0.0
2	0	0.0
3	0	0.0
4	3	0.0
5	1	0.0
6	2	0.0
7	0	0.0
8	1	0.0
9	1	0.0
10	2	0.0
11	0	0.0
12	2	0.0
13	1	0.0
14	3	0.0
15	0	0.0
16	1	0.0
17	0	0.0
18	0	0.0
19	2	0.0
20	0	0.0
21	1	0.0
22	2	0.0
23	2	0.07142857142857142
24	1	0.038461538461538464
25	3	0.047619047619047616
26	2	0.0
-6	0	0.0
-5	0	0.56
-4	0	0.44
-3	0	0.56
-2	2	0.44
-1	0	0.0
0	2	0.0
1	2	0.0
2	1	0.0
3	1	0.0
4	1	0.0
5	1	0.0
6	0	0.0
7	0	0.44
8	3	1.12
9	2	0.0
10	0	0.0
-23	0	0.0
-22	0	0.0
-21	0	0.0
-20	0	1.0
-19	0	0.0
-18	0	0.0
-17	0	0.0
-16	0	0.0
-15	0	0.0
-14	0	0.0
-13	1	0.0
-12	0	0.0
-11	0	0.0
-10	0	0.0
-9	0	0.0
-8	1	1.0
-7	0	0.0
-6	0	0.0
-5	0	0.0
-4	0	1.0
-3	1	0.0
-2	0	0.0
-1	0	0.0
0	4	0.0
1	0	0.0
2	3	0.0
3	3	0.0
4	4	0.0
5	3	0.0
6	4	0.0
7	1	0.0
8	2	0.0
9	1	0.0
-5	0	0.0
-4	0	0.0
-3	0	0.0
-2	0	0.0
-1	1	1.0
0	2	0.52
1	1	0.0
2	0	0.0
3	4	0.0
4	2	0.0
5	1	0.0
6	0	0.52
7	0	0.0
8	1	0.0
9	1	0.0
10	0	0.0
11	3	0.0
12	0	0.0
13	1	0.0
14	0	0.0
15	0	0.0
16	0	0.0
17	0	0.0
18	0	0.0
19	0	0.0
20	0	0.0
21	0	0.0
22	0	0.0
23	0	0.0
24	0	0.0
25	0	0.0
-8	0	0.0
-7	0	0.0
-6	0	0.0
-5	0	0.0
-4	0	0.0
-3	0	0.0
-2	1	1.0
-1	2	2.0
0	1	1.0
1	1	0.0
2	2	1.0
3	0	0.0
4	2	1.0
5	2	0.0
6	2	0.0
7	2	0.0
8	5	0.0
9	1	0.0
10	3	0.0
-5	0	0.0
-4	0	0.0
-3	0	0.0
-2	0	0.0
-1	1	1.0
0	3	1.0
1	1	0.0
2	2	1.0
3	1	0.0
4	1	0.0
5	1	0.0
6	2	0.0
7	1	0.0
8	0	0.0
9	0	0.0
10	0	0.0
11	0	0.0
12	0	0.0
13	0	0.0
14	0	0.0
15	0	0.0
16	0	0.0
17	0	0.0
-20	0	0.0
-19	0	0.0
-18	0	0.0
-17	0	0.0
-16	0	0.0
-15	0	0.0
-14	0	0.0
-13	0	0.0
-12	0	0.0
-11	0	0.0
-10	0	0.0
-9	0	0.0
-8	1	0.0
-7	0	1.0
-6	0	0.0
-5	0	0.0
-4	0	0.0
-3	1	0.0
-2	1	2.0
-1	0	0.0
0	2	0.0
1	4	0.0
2	2	0.0
3	1	0.0
4	2	0.0
5	1	0.0
6	2	0.0
7	4	0.0
8	1	0.0
9	1	0.0
10	3	0.0
11	0	0.0
12	0	0.0
13	1	0.0
14	2	0.0
15	2	0.0
16	1	0.0
17	1	0.0
18	1	0.0
19	2	0.0
20	0	0.0
21	2	0.0
22	1	0.0
23	1	0.0
-6	0	0.1
-5	0	0.06
-4	0	0.14
-3	0	0.3
-2	1	0.4
-1	0	0.0
0	1	0.0
1	6	0.58
2	2	0.18604651162790697
3	6	0.4444444444444444
4	0	0.6944444444444444
5	0	1.1111111111111112
6	0	0.5833333333333334
7	0	0.8888888888888888
8	0	1.3846153846153846
9	2	1.625
10	0	1.0526315789473684
11	0	0.5
-18	0	0.02
-17	0	0.0
-16	0	0.04
-15	0	0.02
-14	0	0.0
-13	0	0.0
-12	0	0.04
-11	0	0.02
-10	0	0.06
-9	0	0.06
-8	0	0.22
-7	0	0.0
-6	0	0.02
-5	0	0.06
-4	1	0.08
-3	0	0.1
-2	0	0.22
-1	0	0.0
0	0	0.04
1	0	0.0
2	0	0.0
3	0	0.0
4	5	0.0
5	0	0.10638297872340426
6	1	0.0
7	0	0.13636363636363635
8	0	0.0
9	10	0.0
10	0	0.0
11	1	0.0
12	0	0.0
-19	0	0.14285714285714285
-16	0	0.0
-15	0	0.04
-14	0	0.1
-13	0	0.0
-12	0	0.02
-11	1	0.22
-10	0	0.0
-9	0	0.0
-8	0	0.1
-7	0	0.02
-6	0	0.0
-5	0	0.0
-4	0	0.08
-3	0	0.0
-2	0	0.42
-1	0	0.0
0	1	0.04
1	1	0.08333333333333333
2	2	0.22916666666666666
3	0	0.0
4	1	0.06521739130434782
5	1	0.11904761904761904
6	2	0.5476190476190477
7	1	0.11904761904761904
8	3	0.023809523809523808
9	1	0.11904761904761904
10	0	0.030303030303030304
11	3	0.037037037037037035
12	1	0.2962962962962963
-17	0	0.0
-4	0	0.0
-3	0	0.0
-2	0	0.0
-1	0	0.0
0	2	0.0
1	2	0.0
2	0	0.0
3	1	0.0
4	1	0.0
5	0	0.0
6	2	0.0
7	0	0.0
8	3	0.0
9	1	0.0
10	4	0.0
11	0	0.0
12	0	0.0
13	1	0.0
14	0	0.0
15	1	0.0
16	0	0.0
17	2	0.0
18	1	0.0
19	0	0.0
20	0	0.0
21	1	0.0
22	1	0.0
23	0	0.0
24	0	0.0
25	1	0.0
26	0	0.0
27	0	0.0
28	1	0.0
29	1	0.0
30	1	0.0
31	0	0.0
-5	0	0.0
32	0	0.0
-14	0	1.0
-13	0	0.0
-12	0	0.0
-11	0	0.0
-10	0	0.0
-9	0	0.0
-8	0	0.0
-7	0	0.0
-6	1	0.0
-5	0	1.0
-4	0	0.0
-3	1	0.0
-2	0	0.0
-1	1	1.0
0	2	0.0
1	0	0.0
2	3	0.0
3	1	0.0
4	3	0.0
5	1	0.0
6	9	0.0
7	1	0.0
8	1	0.0
9	3	0.0
10	1	0.0
11	1	0.0
12	3	0.0
13	1	0.0
14	0	0.0
15	3	0.0
16	1	0.0
17	0	0.0
18	3	0.0
19	3	0.0
20	0	0.0
21	0	0.0
22	0	0.0
23	1	0.0
24	5	0.0
25	1	0.0
26	1	0.0
-10	0	0.0
-9	0	0.0
-8	0	0.0
-7	0	0.0
-6	0	0.0
-5	1	0.0
-4	0	1.0
-3	1	0.0
-2	0	1.0
-1	0	0.0
0	3	0.0
1	0	0.0
2	1	0.0
3	1	0.0
4	0	0.0
5	3	0.0
6	5	0.0
7	0	0.0
8	2	0.0
9	0	0.0
10	1	0.0
11	0	0.0
12	0	0.0
13	1	0.0
14	0	0.0
15	0	1.0
16	1	0.0
17	0	0.0
18	0	0.0
-12	0	0.0
-11	0	0.0
-10	0	0.0
-9	0	0.0
-8	0	0.0
-7	0	0.0
-6	0	0.0
-5	0	0.0
-4	0	0.0
-3	0	0.0
-2	0	0.0
-1	0	0.0
0	5	0.0
1	5	0.0
2	1	0.0
3	2	0.02040816326530612
4	1	0.0
5	8	0.0
6	3	0.0
7	2	0.0
8	2	0.0
9	3	0.0
10	7	0.0
11	5	0.0
12	6	0.0
13	3	0.0
14	2	0.0
15	2	0.0
16	5	0.0
17	2	0.0
18	5	0.0
19	3	0.0
20	5	0.0
21	4	0.0
22	13	0.0
23	11	0.0
24	13	0.0
25	8	0.0
26	13	0.0
27	10	0.0
28	1	0.0
29	0	0.0
30	0	0.0
31	0	0.0
-13	0	0.0
-5	0	1.0
-4	0	0.0
-3	2	0.0
-2	1	1.0
-1	1	1.0
0	0	1.0
1	2	0.0
2	2	1.0
3	2	2.0
4	2	0.0
5	1	0.0
6	1	0.0
7	3	2.0
8	0	1.0
9	1	0.0
-8	0	0.0
-7	0	0.0
-6	0	0.38
-5	0	0.0
-4	0	0.0
-3	0	0.62
-2	1	0.0
-1	0	0.0
0	1	0.0
1	0	0.0
2	0	0.28
3	1	0.62
4	0	0.0
5	3	0.56
6	4	0.56
7	1	0.0
8	2	0.0
9	0	0.0
10	1	0.0
-15	0	0.0
-14	0	0.44
-13	0	0.0
-12	0	0.0
-11	0	0.3
-10	0	0.0
-9	2	0.26
-8	0	0.26
-7	0	1.74
-6	0	0.82
-5	0	1.48
-4	3	0.0
-3	2	0.44
-2	1	1.56
-1	0	0.0
0	2	0.7
1	5	0.0
2	2	0.0
3	2	0.0
4	3	0.0
5	2	0.0
6	0	0.0
7	2	0.0
-16	0	0.5945945945945946
8	3	0.0
9	6	0.0
10	3	0.0
11	2	0.0
-4	1	0.0
-3	0	1.0
-2	0	0.0
-1	0	0.0
0	1	0.0
1	0	0.0
2	2	0.0
3	1	0.0
4	0	0.0
5	2	0.0
6	2	0.0
7	3	0.0
8	4	0.0
9	1	0.0
10	0	0.0
11	0	0.0
12	0	0.0
13	0	0.0
14	0	0.0
15	1	0.0
16	1	0.0
17	3	0.0
18	1	0.0
19	0	0.0
20	0	0.0
21	0	0.0
22	0	0.0
-11	0	0.0
-10	0	0.0
-9	0	0.0
-8	0	0.0
-7	0	0.0
-6	0	0.0
-5	0	0.0
-4	0	0.0
-3	0	0.0
-2	0	0.0
-1	0	0.0
0	0	0.0
1	2	0.0
2	1	0.0
3	1	0.0
4	0	0.0
5	3	0.0
6	10	0.0
7	5	0.0
8	3	0.0
9	6	0.0
10	6	0.0
-21	0	1.0
-20	0	5.0
-19	0	0.0
-18	0	2.48
-17	0	1.86
-16	0	0.62
-15	1	0.0
-14	0	1.0
-13	4	0.0
-12	3	0.0
-11	2	0.0
-10	2	0.0
-9	0	0.0
-8	0	0.62
-7	0	0.76
-6	0	1.52
-5	2	1.14
-4	0	0.38
-3	0	0.38
-2	1	0.38
-1	0	0.0
0	0	0.0
1	0	0.0
2	3	0.0
3	1	0.0
4	3	0.0
5	3	0.0
6	1	0.0
7	3	0.0
8	4	0.0
9	1	0.0
10	0	0.0
11	0	0.38
-13	0	0.0
-12	0	0.0
-11	0	0.0
-10	0	0.0
-9	0	0.0
-8	0	0.0
-7	0	0.0
-6	0	0.0
-5	0	0.0
-4	0	0.0
-3	0	0.0
-2	0	0.0
-1	0	0.0
0	2	0.0
1	1	0.0
2	3	0.0
3	1	0.0
4	2	0.0
5	2	0.0
6	0	0.0
7	3	0.0
8	1	0.0
9	0	0.0
10	4	0.0
11	0	0.0
12	1	0.0
13	0	0.0
14	3	0.0
15	0	0.0
16	0	0.02702702702702703
17	0	0.0
18	0	0.0
19	0	0.0
20	0	0.0
21	0	0.0
22	1	0.0
23	3	0.0
24	0	0.0
25	0	0.0
26	0	0.0
27	0	0.0
28	0	0.0
29	0	0.0
30	0	0.0
31	0	0.0
32	3	0.0
-15	0	0.0
-14	0	0.0
-2	1	1.0
-1	0	0.0
0	1	0.0
1	0	0.0
2	2	0.0
3	0	0.0
4	4	0.0
5	0	0.0
6	2	0.0
7	0	1.0
8	1	4.0
9	2	0.0
10	0	0.0
11	0	0.0
12	0	0.0
13	1	0.0
14	1	0.0
15	0	0.0
16	0	0.0
17	1	0.0
18	0	0.0
19	0	0.0
20	0	0.0
21	0	0.0
22	0	0.0
23	0	1.0
24	0	1.0
25	0	1.0
26	0	0.0
27	3	0.0
28	0	0.0
29	0	0.0
30	1	0.0
31	1	0.0
32	0	0.0
33	0	0.0
34	2	0.0
35	0	0.0
-16	0	0.02
-15	0	0.0
-14	0	0.0
-13	0	0.0
-12	0	0.04
-11	0	0.16
-10	0	0.1
-9	0	0.1
-8	0	0.02
-7	0	0.06
-6	0	0.0
-5	1	0.0
-4	0	0.06
-3	0	0.16
-2	0	0.28
-1	0	0.0
0	0	0.1
1	0	0.0
2	2	0.0
3	0	0.1702127659574468
4	3	0.0
5	2	0.2972972972972973
6	1	0.09090909090909091
7	0	0.0
8	2	0.0967741935483871
9	3	0.0
10	1	0.0
11	2	0.0
12	4	0.0
-17	0	0.0
-23	0	0.0
-22	0	0.0
-21	0	0.0
-20	0	0.0
-19	0	0.0
-18	0	0.0
-17	0	0.0
-16	0	0.0
-15	0	0.0
-14	0	0.0
-13	0	0.0
-12	0	0.0
-11	0	0.0
-10	0	0.0
-9	0	0.0
-8	0	0.0
-7	0	0.0
-6	0	0.0
-5	0	0.0
-4	0	0.0
-3	0	0.0
-2	0	0.0
-1	0	0.0
0	2	0.0
1	1	0.0
2	1	0.0
3	2	0.0
4	0	0.0
5	1	0.0
6	0	0.0
7	1	0.0
8	0	0.05
9	2	0.0
10	1	0.0
11	0	0.0
12	0	0.0
13	0	0.0
14	0	0.0
15	0	0.0
16	0	0.0
17	0	0.0
18	0	0.0
19	0	0.0
20	0	0.0
21	0	0.0
22	1	0.0
23	0	0.0
-24	0	0.0
-25	0	0.0
-16	0	0.0
-15	0	0.0
-14	0	0.0
-13	0	0.0
-12	0	0.0
-11	0	0.0
-10	0	0.0
-9	0	0.0
-8	0	0.0
-7	0	0.0
-6	0	0.0
-5	0	0.0
-4	0	0.0
-3	0	0.68
-2	1	0.32
-1	0	0.0
0	2	0.68
1	1	0.0
2	4	0.64
3	2	0.68
4	2	0.32
5	0	0.68
6	1	0.32
7	3	1.0
8	0	0.0
9	2	0.64
10	0	0.0
-17	0	0.0
-8	0	0.24
-7	0	0.0
-6	0	0.2
-5	0	0.26
-4	0	0.08
-3	1	0.22
-2	0	0.0
-1	0	0.0
0	2	0.14
1	0	0.0
2	3	0.32608695652173914
3	1	0.0
4	1	0.11363636363636363
5	1	0.0
6	0	0.0
7	3	0.0
8	1	0.0
9	0	0.0
10	0	0.0
11	2	0.0
12	5	0.0
13	1	0.0
14	0	0.0
-17	0	0.0
-16	0	0.0
-15	0	0.0
-14	0	0.0
-13	0	0.0
-12	0	0.0
-11	0	0.0
-10	0	0.0
-9	0	0.0
-8	0	0.0
-7	0	0.0
-6	0	0.0
-5	0	0.0
-4	0	0.0
-3	0	0.0
-2	0	0.0
-1	1	1.0
0	0	0.0
1	0	0.0
2	2	0.0
3	4	0.0
4	0	0.0
5	3	0.0
6	3	0.0
-25	0	0.0
-24	0	0.12
-23	0	0.0
-22	0	0.0
-21	0	0.0
-20	0	0.0
-19	0	0.26
-18	0	0.0
-17	0	0.0
-16	0	0.0
-15	0	0.84
-14	0	0.78
-13	0	0.0
-12	0	0.0
-11	0	0.0
-10	0	0.0
-9	0	0.0
-8	0	0.0
-7	0	0.2
-6	1	0.2
-5	1	0.0
-4	0	0.0
-3	1	0.28
-2	0	0.2
-1	0	0.0
0	1	0.48
1	4	0.0
2	1	0.0
3	3	0.0
4	0	0.74
5	1	0.2777777777777778
6	0	0.3611111111111111
7	0	0.0
8	0	0.0
9	1	0.0
10	0	0.0
11	1	0.3611111111111111
-26	0	0.46153846153846156
-13	1	0.0
-12	0	0.4
-11	2	1.0
-10	0	0.0
-9	1	3.0
-8	0	0.0
-7	0	0.0
-6	0	0.4
-5	0	0.4
-4	1	0.0
-3	0	0.8
-2	2	0.6
-1	0	0.0
0	0	0.0
1	1	0.6
2	2	0.0
3	2	0.6
4	2	0.6
5	0	0.6
6	0	0.6
7	2	0.6
8	1	0.0
9	5	0.0
10	1	0.0
11	4	0.0
12	2	0.0
13	2	0.6
-9	0	0.0
-8	0	0.0
-7	0	0.0
-6	0	0.0
-5	0	0.0
-4	0	0.0
-3	0	0.0
-2	0	0.0
-1	1	1.0
0	2	0.0
1	0	0.0
2	1	1.04
3	1	0.0
4	1	0.0
5	4	0.52
6	1	0.0
7	1	0.0
8	0	0.0
9	2	0.0
10	1	0.0
11	1	0.0
12	0	0.0
13	3	0.0
14	6	0.0
15	6	0.0
16	2	0.0
17	0	0.0
18	2	0.0
19	2	0.0
20	3	0.0
21	1	0.0
22	2	0.0
23	0	0.0
24	0	0.0
25	0	0.0
-5	0	0.0
-4	0	0.0
-3	0	0.0
-2	0	0.0
-1	0	0.0
0	1	0.0
1	1	0.0
2	2	0.0
3	0	0.0
4	1	0.0
5	0	0.0
6	0	0.023255813953488372
7	2	0.023255813953488372
8	2	0.0
9	2	0.02564102564102564
10	1	0.02857142857142857
11	1	0.0
-6	0	0.0
-5	0	0.0
-4	0	0.0
-3	0	0.0
-2	0	0.0
-1	0	0.0
0	0	0.0
1	0	0.0
2	1	0.0
3	1	0.0
4	2	0.1
5	2	0.0
6	5	0.0
-6	0	0.0
7	8	0.0
8	5	0.0
9	1	0.13793103448275862
10	2	0.0
11	4	0.3333333333333333
12	5	0.0
13	2	0.25
-10	0	0.0
-9	0	0.0
-8	0	0.0
-7	0	0.0
-6	0	0.0
-5	0	0.0
-4	0	0.0
-3	0	0.0
-2	0	0.0
-1	0	0.0
0	1	0.0
1	3	0.02040816326530612
2	3	0.0
3	5	0.0
4	3	0.0
5	1	0.022222222222222223
6	1	0.0
7	3	0.0
8	4	0.0
9	1	0.0
10	3	0.0
11	2	0.0
12	4	0.0
13	3	0.0
14	2	0.0
15	2	0.0
16	4	0.0
17	0	0.0
18	0	0.0
19	0	0.0
20	1	0.029411764705882353
21	0	0.0
22	1	0.0
23	0	0.0
24	0	0.0
25	0	0.0
26	1	0.0
27	0	0.0
-11	0	0.1111111111111111
-23	0	0.0
-22	0	0.0
-21	1	0.58
-20	0	0.42
-19	1	0.0
-18	0	0.42
-17	0	1.42
-16	1	0.0
-15	0	1.0
-14	0	0.0
-13	1	0.0
-12	2	2.16
-11	0	0.0
-10	3	1.58
-9	0	0.58
-8	0	1.42
-7	0	1.0
-6	0	1.16
-5	2	0.0
-4	1	0.42
-3	0	0.0
-2	0	0.0
-1	1	1.0
0	2	0.0
1	3	0.0
2	1	1.26
3	0	1.26
4	0	0.42
5	2	1.68
6	4	0.84
7	0	1.26
8	2	2.52
9	3	1.68
10	5	0.0
11	2	5.0
12	0	3.0
-9	0	0.0
-8	0	0.0
-7	0	0.0
-6	0	0.0
-5	0	0.0
-4	0	0.0
-3	0	0.0
-2	0	0.0
-1	0	0.0
0	0	0.0
1	0	0.0
2	2	0.0
3	5	0.0
4	1	0.0
5	1	0.0
6	4	0.0
7	0	0.0
-10	0	0.0
-22	1	0.54
-21	0	0.0
-20	1	0.0
-19	0	0.46
-18	0	0.54
-17	0	0.46
-16	1	0.0
-15	0	0.0
-14	1	1.08
-13	0	0.54
-12	0	0.46
-11	0	0.0
-10	1	0.54
-9	0	0.0
-8	1	0.0
-7	0	0.54
-6	0	0.92
-5	0	0.46
-4	0	0.46
-3	1	0.0
-2	1	0.0
-1	1	1.0
0	0	1.84
1	1	0.54
2	1	0.0
3	2	0.46
4	2	0.46
5	0	3.68
6	1	0.0
7	2	1.84
8	3	0.54
9	2	1.38
10	2	2.3
11	2	0.0
12	1	1.0
-23	0	0.0
-10	0	0.32
-9	0	0.3
-8	0	0.38
-7	0	0.7
-6	0	0.38
-5	1	0.3
-4	2	0.68
-3	1	0.3
-2	0	0.32
-1	0	0.0
0	1	0.94
1	1	0.32
2	1	0.0
3	4	0.38
4	2	0.0
5	1	0.0
6	1	0.0
7	2	0.0
8	2	0.38
9	3	0.0
10	0	1.5588235294117647
11	1	0.5588235294117647
12	2	0.0
-19	0	0.0
-18	0	0.0
-17	0	0.0
-16	0	0.0
-15	0	0.0
-14	0	0.0
-13	0	0.0
-12	0	0.0
-11	0	0.0
-10	0	0.0
-9	0	0.0
-8	0	0.0
-7	0	0.0
-6	0	0.0
-5	0	0.0
-4	0	0.0
-3	0	0.0
-2	0	0.0
-1	0	0.0
0	2	0.0
1	6	0.0
2	0	0.02127659574468085
3	0	0.0
4	0	0.0
5	0	0.0
6	2	0.0
7	2	0.0
8	4	0.0
9	1	0.0
10	1	0.0
11	0	0.0
-21	0	0.0
-20	0	0.0
-13	1	0.46
-12	0	0.3
-11	0	0.04
-10	0	0.96
-9	0	1.0
-8	1	0.48
-7	0	1.88
-6	2	0.7
-5	2	1.02
-4	0	1.8
-3	4	0.0
-2	0	0.78
-1	0	0.0
0	1	0.2
1	2	0.2
2	1	0.78
3	5	0.52
4	3	0.56
5	3	0.8
6	0	0.48
7	6	0.8
8	6	0.96
9	3	0.7
10	3	1.125
11	7	2.125
12	6	1.5294117647058822
-14	0	1.5555555555555556
-23	0	0.0
-22	0	0.0
-21	0	0.0
-20	0	0.0
-19	0	0.0
-18	0	0.0
-17	0	0.0
-16	0	0.0
-15	0	0.0
-14	0	0.0
-13	0	0.0
-12	0	0.0
-11	0	0.0
-10	0	0.0
-9	0	0.0
-8	0	0.0
-7	0	0.1
-6	0	0.0
-5	0	0.28
-4	1	0.0
-3	0	0.0
-2	0	0.62
-1	0	0.0
0	1	0.0
1	1	0.26
2	0	0.0
3	0	0.0
4	2	0.0
5	1	0.40625
6	1	0.0
7	1	0.0
8	0	0.0
9	4	0.0
10	1	0.8125
11	1	0.0625
12	1	0.0
13	0	0.0
14	5	0.40625
15	0	0.0
16	2	0.0
17	0	0.0
18	2	0.0
19	2	0.0
20	0	0.0
21	1	0.0
22	0	0.0
23	1	0.0
24	0	0.0
25	0	0.0
26	0	0.0
27	0	0.0
28	0	0.0
-25	0	0.0
-24	0	0.0
-8	0	0.0
-7	0	0.0
-6	0	0.0
-5	0	0.0
-4	0	0.0
-3	0	0.0
-2	0	0.0
-1	0	0.0
0	0	0.0
1	0	0.0
2	0	0.0
3	1	0.041666666666666664
4	2	0.0
5	4	0.0
6	0	0.0
7	0	0.0
8	3	0.0
9	2	0.0
10	1	0.0
11	2	0.0
12	2	0.0
-9	0	0.0
-6	0	0.0
-5	0	0.0
-4	0	0.0
-3	0	0.0
-2	0	0.0
-1	1	1.0
0	2	0.0
1	2	0.0
2	1	0.0
3	1	0.0
4	0	0.0
5	1	0.0
6	2	0.0
7	1	0.0
-8	0	0.0
-7	0	0.0
-6	0	0.0
-5	0	0.0
-4	0	0.0
-3	0	0.0
-2	0	0.0
-1	0	0.0
0	1	0.0
1	3	0.0
2	0	0.0
3	1	0.0
4	1	0.0
5	4	0.0
6	2	0.0
7	1	0.0
8	0	0.0
9	0	0.0
10	1	0.0
11	3	0.0
12	0	0.0
13	0	0.0
-9	0	0.0
-13	0	0.0
-12	0	0.0
-11	0	0.0
-10	0	0.0
-9	0	0.0
-8	0	0.2
-7	0	0.0
-6	0	0.0
-5	0	0.0
-4	0	0.0
-3	1	0.0
-2	0	0.8
-1	0	0.0
0	1	0.0
1	1	0.0
2	3	0.0
3	1	0.0
4	0	0.0
5	1	0.0
6	1	0.0
7	2	0.0
8	0	0.0
9	1	0.0
10	1	0.0
11	0	0.0
12	2	0.0
13	4	0.0
14	0	0.0
15	0	0.0
16	2	0.0
17	0	0.0
18	0	0.0
19	1	0.0
20	0	0.38461538461538464
21	0	0.0
22	0	0.0
23	0	0.0
24	0	0.0
25	0	0.0
-6	0	0.0
-5	0	0.0
-4	0	0.0
-3	0	0.0
-2	0	0.0
-1	0	0.0
0	2	0.0
1	1	0.0
2	0	0.0
3	2	0.0
4	3	0.0
5	6	0.0
6	4	0.0
7	10	0.0
8	4	0.0
9	9	0.0
10	3	0.0
11	1	0.0
12	5	0.0
13	0	0.0
14	0	0.0
15	4	0.0
16	2	0.0
17	1	0.0
18	2	0.0
19	1	0.0
-7	0	0.0
20	3	0.0
21	1	0.0
22	4	0.0
23	2	0.0
-28	0	0.0
-27	0	0.0
-26	0	0.0
-25	0	0.0
-24	0	0.0
-23	0	0.0
-22	0	0.0
-21	0	0.0
-20	0	0.0
-19	0	0.0
-18	0	0.0
-17	0	0.0
-16	0	0.0
-15	0	0.0
-14	0	0.0
-13	0	0.0
-12	0	0.0
-11	0	0.0
-10	0	0.0
-9	0	0.0
-8	0	0.0
-7	0	0.0
-6	0	0.0
-5	0	0.0
-4	0	0.28
-3	0	0.16
-2	1	0.56
-1	1	1.0
0	1	0.72
1	3	0.56
2	2	0.84
3	1	0.0
4	1	0.0
5	1	1.86
6	3	1.1388888888888888
7	1	1.0833333333333333
8	1	0.3611111111111111
9	2	1.2380952380952381
10	0	0.0
11	0	0.0
-15	0	0.0
-14	0	0.0
-13	0	0.0
-12	0	0.0
-11	0	0.0
-10	0	0.0
-9	0	0.0
-8	0	0.0
-7	0	0.0
-6	0	0.0
-5	0	0.0
-4	0	0.0
-3	0	0.0
-2	0	0.0
-1	0	0.0
0	2	0.0
1	0	0.0
2	4	0.0
3	0	0.0
4	3	0.0
5	3	0.0
6	3	0.0
7	1	0.0
8	3	0.0
9	0	0.0
10	0	0.0
11	1	0.0
-16	0	0.0
-17	0	0.0
-11	0	0.06
-10	1	0.42
-9	0	0.0
-8	1	0.68
-7	0	0.34
-6	0	0.46
-5	0	0.24
-4	0	0.66
-3	1	0.4
-2	1	0.74
-1	0	0.0
0	1	0.62
1	2	0.1
2	3	0.0
3	0	0.24
4	1	0.2
5	0	0.2
6	0	0.0
7	5	0.26
8	2	0.3
9	0	0.2857142857142857
10	0	0.7407407407407407
-17	0	1.0
-16	0	0.0
-15	0	0.0
-14	1	1.0
-13	0	0.0
-12	1	0.0
-11	2	0.0
-10	0	0.0
-9	1	1.0
-8	2	2.0
-7	1	1.0
-6	0	0.0
-5	2	0.0
-4	0	1.0
-3	0	2.0
-2	0	0.0
-1	0	0.0
0	2	1.0
1	1	0.0
2	1	0.0
3	0	2.0
4	2	0.0
5	7	0.0
6	3	0.0
7	4	0.0
-23	0	0.0
-22	1	0.0
-21	1	0.0
-20	1	0.0
-19	1	0.0
-18	0	0.0
-17	0	0.0
-16	0	0.0
-15	0	0.0
-14	0	0.0
-13	0	0.0
-12	0	0.0
-11	0	0.0
-10	0	0.0
-9	0	1.0
-8	0	0.0
-7	0	1.0
-6	0	0.0
-5	0	0.0
-4	0	1.0
-3	0	0.0
-2	0	1.0
-1	0	0.0
0	0	0.0
1	1	0.0
2	3	0.0
3	4	0.0
4	4	0.0
5	10	0.0
6	2	1.0
7	5	0.0
8	2	1.0
9	5	0.0
10	5	0.0
11	3	0.0
-26	0	0.0
-25	0	0.0
-24	0	0.0
-23	0	0.0
-22	0	0.0
-21	0	0.0
-20	0	0.0
-19	0	0.0
-18	0	0.0
-17	0	0.0
-16	0	0.0
-15	0	0.0
-14	0	0.0
-13	0	1.0
-12	0	0.0
-11	0	1.0
-10	1	2.0
-9	1	0.0
-8	1	0.0
-7	1	2.0
-6	0	0.0
-5	0	0.0
-4	0	0.0
-3	1	0.0
-2	0	0.0
-1	1	1.0
0	0	0.0
1	1	0.0
2	0	0.0
3	3	0.0
4	1	0.0
5	3	0.0
6	0	0.0
7	0	0.0
8	1	0.0
9	3	0.0
10	3	0.0
11	4	0.0
-11	0	0.0
-10	0	0.1
-9	0	0.0
-8	0	0.24
-7	0	0.0
-6	0	0.14
-5	0	0.0
-4	0	0.22
-3	0	0.3
-2	0	0.0
-1	0	0.0
0	1	0.0
1	2	0.24
2	4	0.13157894736842105
3	7	0.0
4	2	0.0
5	5	0.3684210526315789
6	3	0.18421052631578946
7	4	0.0
8	2	0.0
9	2	0.0
-12	1	0.0
10	5	0.0
11	3	0.0
-7	0	0.0
-6	0	0.0
-5	0	0.0
-4	0	0.0
-3	0	0.0
-2	0	0.0
-1	0	0.0
0	2	0.0
1	0	0.0
-8	0	0.0
2	1	0.0
3	1	0.0
4	0	0.0
5	1	0.0
6	1	0.0
7	2	0.0
8	3	0.0
9	0	0.0
10	1	0.0
11	0	0.0
-9	0	0.0
-8	0	0.0
-7	0	0.0
-6	0	0.0
-5	0	0.0
-4	0	0.04
-3	0	0.0
-2	0	0.0
-1	0	0.0
0	1	0.0
1	0	0.0
2	3	0.0
3	0	0.0
4	1	0.0
5	1	0.0
6	1	0.0
7	2	0.02631578947368421
8	2	0.0
9	2	0.0
10	1	0.04
-10	0	0.0
11	0	0.0
-21	0	0.0
-20	0	0.0
-19	0	0.0
-18	0	0.0
-17	0	0.0
-16	0	0.0
-15	1	1.0
-14	0	0.0
-13	0	0.0
-12	1	0.0
-11	1	1.0
-10	1	0.0
-9	0	0.0
-8	1	1.0
-7	1	1.0
-6	0	0.0
-5	0	1.0
-4	0	1.0
-3	1	1.0
-2	2	2.0
-1	0	0.0
0	5	1.0
1	4	1.0
2	4	1.0
3	10	3.0
4	5	2.0
5	10	0.0
6	9	0.0
7	3	1.0
8	6	1.0
9	6	0.0
10	4	1.0
11	9	0.0
12	4	0.0
-14	0	0.0
-13	0	0.0
-12	0	0.0
-11	0	0.0
-10	0	0.0
-9	0	0.0
-8	0	0.0
-7	0	0.0
-6	0	0.0
-5	0	0.0
-4	0	0.0
-3	0	0.0
-2	1	0.0
-1	4	4.0
0	0	0.0
1	4	0.0
2	2	1.0
3	2	2.0
4	3	1.0
5	2	0.0
6	2	5.0
7	0	1.0
8	0	0.0
9	0	0.0
10	0	0.0
11	0	0.0
12	0	0.0
13	0	0.0
-35	0	0.0
-34	0	0.0
-33	0	0.0
-32	0	0.0
-31	0	0.0
-30	0	0.0
-29	0	0.0
-28	0	0.0
-27	0	0.0
-26	0	0.0
-25	0	0.0
-24	0	0.0
-23	0	0.0
-22	0	0.0
-21	0	0.0
-20	0	0.0
-19	0	0.0
-18	0	0.0
-17	0	0.0
-16	0	0.0
-15	0	0.0
-14	0	0.0
-13	0	0.0
-12	0	0.0
-11	0	0.0
-10	0	0.0
-9	0	0.0
-8	0	0.0
-7	0	0.0
-6	0	0.0
-5	0	0.0
-4	0	0.0
-3	0	0.0
-2	0	0.0
-1	0	0.0
0	3	0.0
1	3	0.0
2	0	0.0
3	1	0.0
4	5	0.0
5	2	0.0
6	5	0.0
7	2	0.0
8	3	0.0
9	6	0.0
10	1	0.0
-36	0	0.0
-39	0	0.0
-38	0	0.0
-37	0	0.0
11	2	0.0
-22	0	0.0
-21	0	0.0
-20	0	0.0
-19	0	0.0
-18	0	1.0
-17	0	0.0
-16	0	1.0
-15	0	0.0
-14	0	1.0
-13	0	0.0
-12	0	0.0
-11	0	0.0
-10	1	0.0
-9	0	0.0
-8	0	0.0
-7	0	0.0
-6	1	2.0
-5	1	0.0
-4	1	0.0
-3	0	0.0
-2	1	0.0
-1	1	1.0
0	3	0.0
1	0	0.0
2	0	0.0
3	1	0.0
4	1	0.0
5	0	0.0
6	1	1.0
7	2	0.0
8	1	0.0
9	2	0.0
10	1	0.0
11	1	0.0
12	1	1.0
13	1	0.0
-13	0	0.0
-12	0	0.0
-11	0	0.0
-10	0	0.0
-9	0	0.0
-8	0	0.0
-7	0	0.0
-6	0	0.0
-5	0	0.0
-4	0	0.0
-3	0	0.0
-2	0	0.0
-1	0	0.0
0	1	0.0
1	1	0.0
2	0	0.0
3	2	0.0
4	1	0.0
5	0	0.0
6	3	0.0
7	1	0.0
8	1	0.0
-14	0	0.0
9	4	0.0
10	3	0.0
-15	0	0.0
-19	0	0.0
-18	0	0.0
-17	0	0.44
-16	0	0.44
-15	0	0.56
-14	0	0.44
-13	0	0.0
-12	0	0.0
-11	0	0.44
-10	0	0.0
-9	0	0.0
-8	0	0.56
-7	0	0.0
-6	0	0.56
-5	0	1.0
-4	0	0.0
-3	2	0.56
-2	4	0.56
-1	0	0.0
0	0	0.0
1	1	0.56
2	3	0.88
3	0	0.0
4	4	0.0
5	1	0.44
6	1	1.0
7	1	0.88
8	5	0.88
9	4	0.0
10	10	0.0
11	3	0.0
12	3	0.0
13	4	0.0
14	3	0.0
15	2	0.88
16	5	0.44
17	2	0.0
18	1	0.0
19	3	0.0
20	1	0.0
21	1	1.0
22	0	0.0
23	1	0.0
24	1	0.0
25	0	1.0
26	0	0.0
27	1	0.0
28	1	0.0
-19	0	0.0
-18	0	0.0
-17	0	0.0
-16	0	0.0
-15	0	0.0
-14	0	0.0
-13	0	0.0
-12	0	0.0
-11	0	0.0
-10	0	0.0
-9	0	0.0
-8	0	0.0
-7	0	0.0
-6	0	0.0
-5	0	0.0
-4	0	0.0
-3	0	0.0
-2	0	0.0
-1	0	0.0
0	6	0.0
1	6	0.0
2	5	0.0
3	2	0.0
4	1	0.0
5	5	0.0
6	6	0.0
7	11	0.0
8	6	0.0
9	18	0.0
10	10	0.0
-20	0	0.0
-19	0	0.0
-18	0	0.0
-17	0	0.0
-16	0	0.0
-15	0	0.0
-14	0	0.0
-13	0	0.0
-12	0	0.0
-11	0	0.0
-10	0	0.0
-9	0	0.0
-8	0	0.0
-7	0	0.0
-6	0	0.0
-5	0	0.0
-4	0	0.0
-3	0	0.0
-2	0	0.0
-1	0	0.0
0	3	0.0
1	5	0.0
2	0	0.0
3	0	0.0
4	1	0.0
5	0	0.0
6	2	0.0
7	8	0.0
8	0	0.0
9	0	0.0
10	0	0.0
11	0	0.0
12	0	0.0
13	0	0.0
14	0	0.0
15	0	0.0
16	0	0.0
17	0	0.0
18	0	0.0
19	0	0.0
20	0	0.0
21	0	0.0
22	0	0.0
23	0	0.0
24	0	0.0
25	0	0.0
26	0	0.0
27	0	0.0
28	0	0.0
29	0	0.0
30	0	0.0
31	0	0.0
32	0	0.0
33	0	0.0
-21	0	0.0
-20	0	0.0
-10	0	0.0
-9	0	0.0
-8	0	0.0
-7	0	1.0
-6	0	1.0
-5	1	1.0
-4	2	0.0
-3	0	0.0
-2	0	0.0
-1	0	0.0
0	0	0.0
1	0	0.0
2	2	0.0
3	2	0.0
4	0	0.0
5	2	0.0
6	2	0.0
7	1	0.0
8	1	0.0
9	1	0.0
-13	0	0.0
-12	1	0.0
-11	0	0.0
-10	0	0.0
-9	0	0.0
-8	1	0.0
-7	0	0.0
-6	0	1.0
-5	1	0.0
-4	0	0.0
-3	1	1.0
-2	0	1.0
-1	0	0.0
0	2	0.0
1	3	0.0
2	1	0.0
-7	0	0.56
-6	0	0.1
-5	1	0.04
-4	0	0.1
-3	0	0.06
-2	0	0.14
-1	0	0.0
0	2	0.02
1	2	0.0
2	4	0.0
3	6	0.04081632653061224
4	2	0.0
5	6	0.08888888888888889
6	8	0.11904761904761904
7	7	0.047619047619047616
8	7	0.07317073170731707
9	6	0.1
10	3	0.075
11	7	0.02564102564102564
12	2	0.0
13	2	0.02564102564102564
14	4	0.08571428571428572
15	4	0.0
16	4	0.0
17	1	0.0
18	5	0.02857142857142857
19	7	0.02857142857142857
20	6	0.03225806451612903
21	5	0.03333333333333333
22	2	0.0
23	2	0.07407407407407407
24	1	0.08
25	2	0.08695652173913043
26	2	0.0
27	0	0.0
28	1	0.0
29	0	0.0
30	0	0.0
31	0	0.0
32	0	0.0
33	0	0.0
34	0	0.0
35	0	0.0
36	0	0.15789473684210525
37	0	0.0
38	0	0.0
39	0	0.15789473684210525
40	0	0.0
41	0	0.0
42	0	0.0
43	0	0.0
44	0	0.0
45	0	0.0
46	0	0.0
47	0	0.0
48	0	0.0
49	0	0.0
50	0	0.0
51	0	0.0
52	0	0.0
53	0	0.0
-30	0	0.0
-29	0	0.0
-28	0	0.0
-27	0	0.0
-26	0	0.0
-25	0	0.0
-24	0	0.0
-23	0	0.0
-22	0	0.0
-21	0	0.0
-20	0	0.0
-19	0	0.0
-18	0	0.0
-17	0	0.0
-16	0	0.0
-15	0	0.0
-14	0	0.0
-13	0	0.0
-12	0	0.0
-11	0	0.0
-10	0	0.0
-9	0	0.0
-8	0	0.0
-7	0	0.0
-6	0	0.0
-5	0	0.14
-4	0	0.0
-3	0	0.1
-2	1	0.76
-1	0	0.0
0	2	0.0
1	4	0.0
2	7	0.0
3	8	0.08
4	3	0.0
5	0	0.0
6	0	0.043478260869565216
7	0	0.06818181818181818
8	0	0.0
9	0	0.0
-33	0	0.0
-32	0	0.0
-31	0	0.0
10	0	0.0
-11	0	0.44
-10	0	0.0
-9	0	0.1
-8	0	0.0
-7	0	0.0
-6	0	0.0
-5	0	0.0
-4	1	0.0
-3	0	0.22
-2	0	0.24
-1	0	0.0
0	1	0.0
1	0	0.0
2	1	0.0
3	2	0.0
4	0	0.0
5	0	0.0
6	0	0.0
7	1	0.0
8	1	0.0
9	4	0.0
10	2	0.0
11	3	0.0
12	2	0.0
13	1	0.0
14	0	0.0
15	5	0.0
16	1	0.0
17	1	0.0
18	1	0.0
19	1	0.0
20	1	0.0
21	2	0.0
22	3	0.0
23	1	0.0
24	0	0.0
-20	0	0.0
-19	0	0.0
-18	0	0.0
-17	0	0.0
-16	0	0.0
-15	0	0.0
-14	0	0.0
-13	0	0.0
-12	0	0.0
-11	0	0.0
-10	0	0.0
-9	0	0.0
-8	0	0.0
-7	0	0.0
-6	0	0.0
-5	0	0.0
-4	0	0.0
-3	0	0.0
-2	0	0.0
-1	0	0.0
0	2	0.0
1	2	0.0
2	2	0.0
3	0	0.02127659574468085
4	1	0.0
5	1	0.0
6	0	0.0
7	0	0.0
8	2	0.0
9	2	0.0
10	1	0.0
11	0	0.0
12	0	0.0
13	1	0.0
14	1	0.0
15	0	0.0
16	0	0.0
17	0	0.0
18	0	0.0
19	0	0.0
20	0	0.0
21	0	0.0
22	0	0.0
23	0	0.0
24	0	0.0
25	0	0.0
26	0	0.0
-22	0	0.0
-21	0	0.0
-19	0	0.0
-18	0	0.0
-17	0	0.0
-16	0	0.0
-15	0	0.0
-14	0	0.0
-13	0	0.0
-12	0	1.2
-11	0	0.0
-10	0	0.8
-9	0	0.0
-8	1	0.0
-7	1	0.0
-6	0	0.0
-5	2	0.0
-4	2	0.4
-3	1	0.0
-2	0	0.0
-1	0	0.0
0	5	0.0
1	0	0.0
2	0	0.0
3	1	0.0
4	2	0.0
5	2	0.0
6	3	1.0
7	2	0.0
8	1	0.0
9	0	0.0
10	0	0.0
11	2	0.0
-20	0	0.0
-19	0	0.0
-18	0	0.0
-17	0	0.0
-16	0	0.0
-15	0	0.0
-14	0	0.0
-13	0	0.0
-12	0	0.0
-11	0	0.0
-10	0	0.0
-9	0	0.0
-8	0	0.0
-7	0	0.0
-6	0	0.96
-5	0	0.48
-4	1	0.52
-3	0	0.52
-2	2	0.52
-1	0	0.0
0	2	0.0
1	1	0.0
2	2	0.0
3	1	0.0
4	2	0.0
5	2	0.0
6	1	0.0
7	3	0.0
8	3	0.0
9	1	0.52
10	0	0.0
11	1	0.0
-8	0	0.0
-7	0	0.0
-6	0	0.0
-5	0	0.0
-4	0	0.0
-3	0	0.0
-2	0	0.0
-1	2	2.0
0	0	0.0
1	0	0.0
2	4	0.0
3	8	0.0
4	4	0.38
5	5	0.38
6	2	0.0
7	2	0.0
8	0	0.0
9	1	0.0
10	1	0.0
11	2	0.0
12	0	0.38
13	1	0.0
14	3	0.0
-8	1	0.0
-7	0	0.0
-6	0	1.0
-5	0	0.0
-4	0	0.0
-3	1	1.0
-2	0	0.0
-1	0	0.0
0	2	0.0
1	1	1.0
2	1	1.0
3	0	1.0
-21	0	0.0
-20	0	0.25
-19	0	0.12
-18	0	0.36
-17	0	0.34
-16	0	0.06
-15	0	0.14
-14	0	0.24
-13	1	0.5
-12	1	0.7
-11	1	0.44
-10	0	0.82
-9	0	0.54
-8	2	1.28
-7	4	0.88
-6	0	1.0
-5	2	1.34
-4	0	0.46
-3	0	0.22
-2	0	0.66
-1	0	0.0
0	1	0.92
1	3	0.5306122448979592
2	4	0.42857142857142855
3	2	0.3469387755102041
4	2	0.5416666666666666
5	2	0.9090909090909091
6	1	0.9090909090909091
7	2	0.4883720930232558
8	2	0.4186046511627907
9	1	0.627906976744186
10	3	0.34285714285714286
-23	0	0.0
-22	0	0.0
-21	0	0.0
-20	0	0.0
-19	0	0.0
-18	0	0.0
-17	0	0.0
-16	0	0.0
-15	0	0.0
-14	0	0.0
-13	0	0.0
-12	0	0.0
-11	0	0.0
-10	0	0.0
-9	0	0.0
-8	0	0.0
-7	0	0.0
-6	0	0.0
-5	0	0.0
-4	0	0.02
-3	0	0.0
-2	0	0.0
-1	0	0.0
0	3	0.0
1	0	0.0
2	2	0.0
3	0	0.0
4	0	0.0
5	0	0.0
6	1	0.0425531914893617
7	1	0.0
8	2	0.0
9	2	0.0
10	0	0.0
11	1	0.0
12	0	0.0
13	0	0.0
14	0	0.0
15	0	0.0
16	0	0.0
17	1	0.0
18	1	0.0
19	0	0.0
20	0	0.0
21	0	0.0
22	0	0.0
23	0	0.0
24	0	0.0
25	0	0.0
26	0	0.0
27	0	0.0
28	0	0.0
29	0	0.0
30	0	0.0
-26	0	0.0
-25	0	0.0
-24	0	0.0
31	0	0.0
32	0	0.0
33	0	0.0
34	0	0.0
-2	1	1.0
-1	0	0.0
0	2	0.0
-8	1	0.0
-7	0	0.0
-6	2	0.0
-5	0	1.0
-4	0	1.0
-3	0	0.0
-2	0	1.0
-1	1	1.0
0	0	2.0
1	0	2.0
2	2	1.0
3	3	0.0
4	3	0.0
5	1	0.0
6	0	0.0
7	0	0.0
8	1	0.0
9	0	0.0
10	1	0.0
-12	0	0.0
-11	0	0.0
-10	0	0.0
-9	0	0.0
-8	0	0.0
-7	0	0.0
-6	0	0.0
-5	0	0.0
-4	0	0.0
-3	0	0.0
-2	0	0.0
-1	0	0.0
0	1	0.0
1	0	0.0
2	2	0.0
3	2	0.0
4	2	0.0
5	2	0.0
6	1	0.0
7	4	0.0
8	3	0.0
9	3	0.0
10	0	0.0
11	2	0.0
12	2	0.0
13	0	0.0
14	1	0.0
15	1	0.0
16	1	0.0
17	0	0.0
18	0	0.0
19	0	0.0
20	0	0.0
21	0	0.0
22	0	0.0
23	0	0.0
24	0	0.0
25	1	0.0
26	1	0.0
27	0	0.0
28	0	0.0
29	2	0.0
30	1	0.0
31	0	0.0
32	1	0.0
33	1	0.0
34	3	0.0
35	2	0.0
36	0	0.0
37	0	0.0
38	1	0.0
39	1	0.0
40	0	0.0
41	0	0.0
42	0	0.0
-13	0	0.0
-24	0	0.0
-23	0	0.0
-22	0	0.0
-21	0	0.0
-20	0	0.0
-19	0	0.0
-18	0	0.0
-17	0	0.0
-16	0	0.0
-15	0	0.0
-14	0	0.0
-13	0	0.0
-12	0	0.0
-11	0	0.0
-10	0	0.0
-9	0	0.0
-8	0	0.56
-7	0	0.0
-6	0	0.44
-5	0	0.0
-4	0	0.0
-3	0	0.0
-2	2	1.0
-1	0	0.0
0	2	0.0
1	3	0.0
2	3	0.0
3	2	0.0
4	1	0.44
5	2	0.0
6	0	0.0
7	0	0.0
8	2	0.0
9	0	0.44
10	2	0.44
11	2	0.0
12	2	0.0
13	1	1.32
14	0	0.88
15	0	0.44
16	1	0.0
17	1	0.56
18	1	0.0
19	0	0.0
20	1	0.0
21	0	0.44
22	1	0.0
23	0	0.0
24	0	0.0
-11	0	0.0
-10	0	0.0
-9	0	0.0
-8	0	0.0
-7	0	1.0
-6	0	2.0
-5	0	0.0
-4	2	0.0
-3	0	0.0
-2	1	0.0
-1	0	0.0
0	2	0.0
1	0	0.0
2	1	0.0
3	1	0.0
4	1	0.0
5	0	0.0
6	0	0.0
7	1	0.0
8	1	0.0
9	4	0.0
10	1	0.0
11	0	0.0
12	2	0.0
13	2	0.0
14	1	1.0
15	0	0.0
16	0	0.0
17	0	0.0
18	0	0.0
19	0	0.0
20	0	0.0
21	0	1.0
22	0	0.0
23	0	0.0
24	0	0.0
-12	0	0.0
-11	0	0.0
-10	0	0.0
-9	0	0.0
-8	0	0.0
-7	0	0.0
-6	0	0.0
-5	0	0.0
-4	0	0.0
-3	0	0.0
-2	0	0.0
-1	0	0.0
0	2	0.0
1	1	0.0
2	0	0.0
3	1	0.0
4	5	0.0
5	8	0.0
6	5	0.0
7	2	0.0
8	4	0.0
9	5	0.0
10	5	0.0
11	3	0.0
12	3	0.0
13	8	0.0
14	0	0.0
15	2	0.0
16	0	0.0
17	3	0.0
18	3	0.0
19	0	0.0
20	0	0.0
21	3	0.0
22	1	0.0
23	0	0.0
24	1	0.0
25	0	0.0
26	2	0.0
27	3	0.0
28	2	0.0
29	1	0.0
-8	0	0.0
-7	0	0.0
-6	0	0.0
-5	0	0.0
-4	0	0.0
-3	0	0.0
-2	0	0.0
-1	0	0.0
0	1	0.0
1	2	0.0
2	3	0.0
3	5	0.0
4	0	0.0
5	3	0.0
6	1	0.0
7	5	0.0
8	2	0.0
9	2	0.0
10	3	0.0
11	5	0.0
12	2	0.0
13	2	0.0
14	0	0.0
15	3	0.0
-9	0	0.0
16	1	0.0
17	0	0.0
18	1	0.0
19	0	0.0
20	0	0.0
-29	0	0.0
-28	0	0.0
-27	0	0.0
-26	0	0.0
-25	0	0.0
-24	0	0.0
-23	0	0.0
-22	0	0.0
-21	0	0.0
-20	0	0.0
-19	0	0.0
-18	0	0.0
-17	0	0.0
-16	0	0.0
-15	1	0.0
-14	0	0.0
-13	0	0.0
-12	1	0.2
-11	0	0.0
-10	0	0.38
-9	0	0.0
-8	0	0.58
-7	0	0.0
-6	0	0.0
-5	0	0.0
-4	0	0.12
-3	0	0.0
-2	0	0.72
-1	0	0.0
0	1	0.0
1	1	0.0
2	5	0.9
3	3	0.0
4	0	0.6
5	4	0.0
6	2	0.0
7	1	0.375
-30	0	0.0
8	2	0.0
-10	0	0.0
-9	0	0.0
-8	0	0.0
-7	0	0.0
-6	0	0.0
-5	0	0.0
-4	0	0.0
-3	0	0.0
-2	0	0.0
-1	0	0.0
0	0	0.0
1	3	0.0
2	3	0.0
3	1	0.0
4	2	0.0
5	0	0.0
6	1	0.0
7	3	0.0
8	0	0.0
9	0	0.0
10	1	0.0
11	1	0.0
12	1	0.0
13	0	0.0
14	1	0.0
15	1	0.0
16	0	0.0
17	0	0.0
18	0	0.0
19	1	0.0
20	2	0.0
21	1	0.0
22	0	0.0
23	0	0.0
24	0	0.0
25	0	0.0
26	0	0.0
27	0	0.0
28	0	0.0
29	0	0.0
30	0	0.0
31	0	0.0
-11	0	0.0
32	0	0.0
33	0	0.0
34	0	0.0
35	0	0.0
-11	0	0.0
-10	0	0.0
-9	0	0.0
-8	0	0.0
-7	0	0.0
-6	0	0.0
-5	0	0.0
-4	0	0.0
-3	0	0.0
-2	0	0.0
-1	0	0.0
0	0	0.0
1	0	0.0
2	1	0.0
3	0	0.0
4	2	0.0
5	2	0.0
6	2	0.0
7	2	0.0
8	2	0.0
9	1	0.0
10	2	0.0
11	1	0.0
12	1	0.0
13	3	0.0
14	2	0.0
15	2	0.0
16	0	0.0
17	0	0.0
18	2	0.0
19	5	0.0
20	2	0.0
21	3	0.0
22	6	0.0
23	4	0.0
24	0	0.0
25	6	0.0
26	4	0.0
27	1	0.0
28	5	0.0
29	7	0.0
-12	0	0.0
30	5	0.0
31	6	0.0
32	3	0.0
-14	0	0.0
-13	0	0.0
-12	0	0.0
-11	0	0.0
-10	0	0.0
-9	0	0.0
-8	0	0.0
-7	0	0.0
-6	0	0.0
-5	0	0.0
-4	0	0.0
-3	0	0.0
-2	0	0.0
-1	0	0.0
0	0	0.0
1	4	0.0
2	3	0.0
3	1	0.0
4	2	0.0
5	3	0.0
6	1	0.0
7	0	0.0
8	0	0.0
9	2	0.0
10	0	0.0
11	0	0.0
12	0	0.0
13	0	0.0
14	0	0.0
15	0	0.0
16	0	0.0
17	0	0.0
18	0	0.0
19	0	0.0
20	0	0.0
21	0	0.0
22	0	0.0
23	0	0.0
24	0	0.0
-15	0	0.0
-17	0	0.0
-16	0	0.0
-15	0	0.0
-14	0	0.0
-13	0	0.0
-12	0	0.0
-11	0	0.0
-10	0	0.0
-9	0	0.0
-8	0	0.0
-7	0	0.0
-6	0	0.0
-5	0	0.0
-4	0	0.0
-3	0	0.0
-2	0	0.0
-1	0	0.0
0	1	0.0
1	3	0.0
2	3	0.0
3	2	0.0
4	4	0.0
5	3	0.0
6	2	0.0
7	3	0.0
8	3	0.0
9	2	0.0
10	3	0.0
11	3	0.0
12	6	0.0
13	4	0.0
14	3	0.0
15	9	0.0
16	4	0.0
17	5	0.0
18	2	0.0
19	2	0.0
20	6	0.0
21	4	0.0
22	5	0.0
23	4	0.0
24	3	0.0
25	1	0.0
26	4	0.0
27	8	0.0
28	5	0.0
29	7	0.0
30	7	0.0
31	9	0.0
32	6	0.0
-18	0	0.0
-19	0	0.0
-31	0	0.0
-30	0	0.0
-29	0	0.0
-28	0	0.0
-27	0	0.0
-26	0	0.0
-25	0	0.0
-24	0	0.0
-23	0	0.0
-22	0	0.0
-21	0	0.0
-20	0	0.0
-19	0	0.0
-18	0	0.0
-17	0	0.0
-16	0	0.0
-15	0	0.0
-14	0	0.0
-13	0	0.0
-12	0	0.0
-11	0	0.0
-10	0	0.0
-9	0	0.0
-8	0	0.0
-7	0	0.0
-6	0	0.0
-5	0	0.0
-4	0	0.0
-3	0	0.0
-2	0	0.0
-1	0	0.0
0	1	0.0
1	4	0.0
2	4	0.0
3	5	0.0
4	4	0.0
5	10	0.0
6	8	0.0
7	5	0.0
8	5	0.021739130434782608
9	9	0.0
10	3	0.0
11	6	0.0
12	3	0.0
13	3	0.024390243902439025
14	1	0.0
15	4	0.0
16	1	0.0
17	1	0.0
18	1	0.0
19	1	0.0
20	0	0.0
21	0	0.0
22	2	0.0
23	1	0.0
24	0	0.0
-34	0	0.0
-33	0	0.0
-32	0	0.0
-35	0	0.0
-18	0	0.0
-17	0	0.0
-16	0	0.0
-15	0	0.0
-14	0	0.0
-13	0	0.0
-12	0	0.0
-11	0	0.0
-10	0	0.0
-9	0	0.0
-8	0	0.0
-7	0	0.0
-6	0	0.0
-5	0	0.0
-4	0	0.0
-3	0	0.0
-2	0	0.0
-1	0	0.0
0	7	0.0
1	1	0.0
2	11	0.0
3	2	0.0
4	6	0.0
5	4	0.0
6	2	0.0
7	9	0.0
8	7	0.0
9	0	0.0
10	4	0.0
-19	0	0.0
11	5	0.0
-20	0	0.0
-13	0	0.0
-12	0	0.0
-11	0	0.0
-10	0	0.0
-9	0	0.0
-8	0	0.0
-7	0	0.0
-6	0	0.0
-5	0	0.0
-4	0	0.0
-3	1	0.52
-2	1	1.48
-1	1	1.0
0	4	1.54
1	3	0.24
2	1	0.24
3	4	0.52
4	5	0.26
5	10	0.78
6	3	0.26
7	5	0.52
8	3	0.26
9	3	0.24
10	7	0.0
11	2	0.0
12	3	0.6756756756756757
13	1	1.0
14	1	2.0
-12	0	0.26
-11	0	0.0
-10	0	0.08
-9	0	0.0
-8	1	0.08
-7	0	0.12
-6	0	0.08
-5	0	0.0
-4	0	0.0
-3	0	0.08
-2	0	0.3
-1	0	0.0
0	0	0.0
1	0	0.0
2	1	0.0
3	1	0.0
4	2	0.24
5	3	0.0
6	2	0.24
7	4	0.0
8	0	0.12
9	0	0.0
10	1	0.12
11	1	0.12
12	3	0.0
13	0	0.13043478260869565
14	1	0.0
15	0	0.0
16	2	0.10869565217391304
17	1	0.0
18	1	0.15789473684210525
19	0	0.0
20	0	0.0
21	0	0.0
22	0	0.0
-13	0	0.0
-13	0	0.0
-12	0	0.0
-11	0	0.0
-10	0	0.0
-9	0	0.0
-8	0	0.0
-7	0	0.0
-6	0	0.0
-5	0	0.0
-4	0	0.0
-3	0	0.0
-2	0	0.0
-1	0	0.0
0	3	0.0
1	0	0.0
2	2	0.0
3	1	0.0
4	1	0.0
5	1	0.0
6	2	0.0
7	2	0.0
8	1	0.0
9	0	0.0
10	1	0.0
11	0	0.0
12	0	0.0
13	2	0.0
14	1	0.0
15	1	0.0
16	0	0.0
17	0	0.0
18	0	0.0
19	1	0.0
20	0	0.0
21	0	0.0
22	1	0.0
23	0	0.0
24	0	0.0
25	0	0.0
26	0	0.0
27	0	0.0
28	0	0.0
29	0	0.0
30	0	0.0
-14	0	0.0
-24	0	0.0
-23	0	0.0
-22	0	0.0
-21	0	0.0
-20	0	0.0
-19	0	0.0
-18	0	0.0
-17	0	0.0
-16	0	0.0
-15	0	0.0
-14	0	0.0
-13	0	0.5
-12	0	1.0
-11	0	1.0
-10	0	0.0
-9	1	0.5
-8	0	0.5
-7	1	0.0
-6	0	0.0
-5	0	0.0
-4	1	0.0
-3	2	0.5
-2	0	0.0
-1	0	0.0
0	5	0.5
1	3	0.0
2	3	0.0
3	2	0.0
4	2	0.5
5	0	0.0
6	1	0.0
7	0	1.0
8	0	0.0
9	2	0.0
10	1	0.0
11	0	0.0
12	0	1.0
13	0	0.0
14	1	0.0
15	1	0.0
16	0	0.0
17	0	0.0
18	0	0.0
19	1	0.0
20	0	0.0
21	0	0.0
22	0	0.0
23	0	0.0
24	0	1.0
-12	0	0.0
-11	0	0.0
-10	0	0.0
-9	0	0.0
-8	0	0.0
-7	0	0.32
-6	0	0.0
-5	0	0.36
-4	0	0.0
-3	0	0.5
-2	2	0.82
-1	0	0.0
0	1	0.0
1	0	0.0
2	1	0.0
3	1	0.0
4	2	0.0
5	0	0.0
6	3	0.0
7	3	0.0
8	4	0.0
9	1	0.0
10	0	0.0
11	3	0.0
12	0	0.0
13	2	0.0
-19	0	0.0
-18	0	0.0
-17	0	0.0
-16	0	0.0
-15	0	0.58
-14	0	0.0
-13	0	0.0
-12	0	1.16
-11	1	0.0
-10	0	0.0
-9	1	0.0
-8	1	0.58
-7	0	0.58
-6	1	0.84
-5	1	0.0
-4	1	1.0
-3	0	0.0
-2	0	0.84
-1	0	0.0
0	4	0.0
1	1	1.16
2	1	1.42
3	0	0.58
4	1	1.16
5	2	0.0
6	1	1.16
7	0	0.58
8	0	1.74
9	0	0.42
10	0	0.42
11	0	0.0
12	0	0.0
13	0	1.0
14	1	0.0
15	0	0.0
16	0	0.42
17	0	0.42
18	0	0.42
19	3	0.0
20	0	0.58
21	1	0.0
22	0	0.0
23	0	0.0
24	1	0.0
25	0	0.42
26	1	0.0
27	0	0.0
28	0	0.0
29	0	1.0
30	0	0.0
31	0	0.0
-20	0	0.0
-19	0	0.0
-18	0	0.0
-17	0	0.0
-16	0	0.0
-15	0	0.0
-14	0	0.0
-13	0	0.0
-12	0	0.0
-11	0	0.0
-10	0	0.0
-9	0	0.0
-8	0	0.0
-7	0	0.0
-6	0	0.0
-5	0	0.0
-4	0	0.0
-3	0	0.0
-2	0	0.0
-1	0	0.0
0	0	0.0
1	3	0.0
2	3	0.0
3	4	0.0
4	0	0.0
5	2	0.0
6	0	0.0
7	6	0.0
8	4	0.0
9	4	0.0
10	6	0.0
11	4	0.0
12	3	0.0
13	6	0.0
14	6	0.0
15	3	0.0
16	1	0.0
17	1	0.0
18	3	0.0
19	3	0.0
20	3	0.0
21	2	0.0
22	1	0.0
23	0	0.0
24	0	0.0
-21	0	0.0
-22	0	0.0
-14	0	0.06
-13	0	0.1
-12	0	0.08
-11	0	0.1
-10	0	0.0
-9	0	0.0
-8	0	0.02
-7	0	0.16
-6	0	0.22
-5	0	0.04
-4	0	0.0
-3	1	0.08
-2	0	0.14
-1	0	0.0
0	2	0.04
1	2	0.0
2	4	0.02
3	0	0.0
4	1	0.0
5	2	0.06521739130434782
6	0	0.0
7	1	0.043478260869565216
8	1	0.0
9	6	0.022222222222222223
10	2	0.3333333333333333
11	2	0.0
12	2	0.044444444444444446
13	0	0.0
14	1	0.0
15	0	0.0
16	0	0.0
17	1	0.0
-15	0	0.0
18	0	0.0
19	1	0.0
20	0	0.0
21	0	0.0
22	0	0.0
23	0	0.0
24	1	0.0
25	0	0.08333333333333333
-17	0	0.24
-16	0	0.0
-15	0	0.04
-14	0	0.0
-13	0	0.0
-12	0	0.02
-11	0	0.0
-10	0	0.04
-9	0	0.02
-8	0	0.06
-7	0	0.06
-6	1	0.08
-5	0	0.1
-4	0	0.04
-3	0	0.0
-2	0	0.3
-1	0	0.0
0	1	0.0
1	1	0.0
2	2	0.0
3	2	0.08
4	0	0.125
5	1	0.0425531914893617
6	2	0.0425531914893617
7	2	0.10638297872340426
8	0	0.0425531914893617
9	0	0.0425531914893617
10	0	0.13333333333333333
11	1	0.0
12	0	0.0
13	3	0.0
-18	0	0.0
-2	0	0.0
-1	0	0.0
0	1	0.0
-3	0	0.0
-19	0	0.0
-18	0	0.0
-17	0	0.0
-16	0	0.0
-15	0	0.0
-14	0	0.0
-13	0	0.0
-12	0	0.0
-11	0	0.0
-10	0	0.0
-9	0	0.0
-8	0	0.0
-7	0	0.0
-6	0	0.0
-5	0	0.0
-4	0	0.0
-3	0	0.0
-2	0	0.0
-1	0	0.0
0	2	0.0
1	1	0.0
2	2	0.0
3	3	0.0
4	0	0.0
5	5	0.0
6	2	0.0
7	2	0.0
8	1	0.0
9	3	0.0
10	7	0.0
-21	0	0.0
-20	0	0.0
-16	0	0.0
-15	0	0.0
-14	0	0.0
-13	0	0.0
-12	0	0.0
-11	0	0.0
-10	0	0.0
-9	0	0.0
-8	0	0.0
-7	0	0.0
-6	0	1.0
-5	0	1.0
-4	0	0.0
-3	1	0.0
-2	1	0.0
-1	1	1.0
0	2	3.0
1	4	0.0
2	2	1.0
3	4	1.0
4	3	0.0
5	2	0.0
6	2	0.0
7	5	1.0
8	8	0.0
9	2	0.0
10	2	0.0
-17	0	0.0
-16	0	0.0
-15	0	0.0
-14	0	0.0
-13	0	0.0
-12	0	0.0
-11	0	0.0
-10	0	0.0
-9	0	2.0
-8	0	0.0
-7	0	0.0
-6	0	0.0
-5	0	0.0
-4	2	0.0
-3	0	0.0
-2	0	0.0
-1	1	1.0
0	1	1.0
1	2	0.0
2	1	2.0
3	1	1.0
4	1	0.0
5	0	1.0
6	2	1.0
7	3	0.0
8	1	0.0
9	1	0.0
10	1	1.0
11	1	0.0
-11	0	0.0
-10	0	1.0
-9	0	1.0
-8	0	0.0
-7	0	0.0
-6	2	0.0
-5	0	0.0
-4	0	1.0
-3	0	0.0
-2	1	0.0
-1	1	1.0
0	0	0.0
1	2	0.0
2	0	0.0
3	1	0.0
4	2	1.0
5	1	0.0
6	2	0.0
7	2	1.0
8	3	0.0
9	0	0.0
10	1	0.0
11	1	0.0
12	2	0.0
13	0	1.0
14	1	1.0
15	2	0.0
16	0	0.0
17	1	0.0
18	1	0.0
19	1	0.0
20	1	1.0
21	1	0.0
22	0	0.0
23	0	0.0
24	0	0.0
25	0	0.0
26	0	0.0
27	0	0.0
28	2	0.0
29	0	0.0
30	0	0.0
31	1	0.0
-21	0	0.0
-20	0	0.0
-19	1	0.0
-18	0	0.0
-17	0	0.0
-16	1	0.0
-15	1	0.86
-14	0	0.88
-13	0	0.0
-12	0	0.52
-11	0	0.0
-10	0	0.26
-9	0	0.0
-8	0	0.3
-7	0	1.04
-6	0	0.88
-5	1	0.0
-4	0	0.3
-3	2	0.44
-2	0	0.52
-1	0	0.0
0	1	0.26
1	0	0.5945945945945946
2	1	0.0
3	0	0.0
4	1	0.5945945945945946
5	1	0.0
6	2	0.0
7	3	0.5945945945945946
8	3	0.0
9	1	0.5945945945945946
10	2	0.0
11	1	0.0
12	2	0.0
13	3	0.5945945945945946
14	0	0.0
15	2	0.0
16	1	0.0
17	2	0.0
18	0	0.0
19	0	0.0
-23	0	0.0
-22	0	0.0
-34	0	0.0
-33	0	0.0
-32	0	0.0
-31	0	0.0
-30	0	0.0
-29	0	0.0
-28	0	0.0
-27	0	0.0
-26	0	0.0
-25	0	0.0
-24	0	0.0
-23	0	0.0
-22	0	0.0
-21	0	0.0
-20	0	0.0
-19	0	0.0
-18	0	0.0
-17	0	0.0
-16	0	0.0
-15	0	0.0
-14	0	0.0
-13	0	0.0
-12	0	0.0
-11	0	0.0
-10	0	0.0
-9	0	0.0
-8	0	0.0
-7	0	0.0
-6	0	0.0
-5	0	0.0
-4	0	0.0
-3	0	0.0
-2	0	0.0
-1	0	0.0
0	5	0.0
1	5	0.0
2	0	0.02
3	9	0.02
4	3	0.020833333333333332
5	5	0.020833333333333332
6	1	0.0
7	3	0.043478260869565216
8	3	0.0
9	1	0.0
10	8	0.0
11	5	0.0
12	4	0.0
13	3	0.0
14	0	0.0
15	2	0.0
16	0	0.0
17	3	0.0
18	0	0.0
19	0	0.0
20	1	0.0
21	1	0.0
22	0	0.0
23	0	0.0
24	1	0.0
25	2	0.0
26	2	0.0
-36	0	0.0
-35	0	0.0
-33	0	0.0
-32	0	0.0
-31	0	0.0
-30	0	0.0
-29	0	0.0
-28	0	0.0
-27	0	0.0
-26	0	0.0
-25	0	0.0
-24	0	0.0
-23	0	0.0
-22	0	0.0
-21	0	0.0
-20	0	0.0
-19	0	0.0
-18	0	0.0
-17	0	0.0
-16	0	0.0
-15	0	0.0
-14	0	0.0
-13	0	0.0
-12	0	0.0
-11	0	0.0
-10	0	0.0
-9	0	0.0
-8	0	0.0
-7	0	0.0
-6	0	0.0
-5	0	0.0
-4	0	0.0
-3	0	0.0
-2	0	0.0
-1	0	0.0
0	11	0.0
1	4	0.0
2	8	0.0
3	4	0.0
4	4	0.0
5	1	0.0
6	6	0.0
7	0	0.0
8	0	0.0
9	4	0.0
10	1	0.0
11	2	0.0
12	3	0.0
13	3	0.0
14	0	0.0
15	0	0.0
16	1	0.0
17	0	0.0
18	0	0.0
19	0	0.0
20	0	0.0
21	0	0.0
22	0	0.0
23	0	0.0
24	0	0.0
-37	0	0.0
-36	0	0.0
-35	0	0.0
-34	0	0.0
25	0	0.0
-13	0	0.0
-12	0	0.0
-11	0	0.0
-10	0	0.0
-9	0	0.0
-8	0	0.0
-7	0	0.0
-6	0	0.0
-5	1	0.0
-4	0	1.0
-3	2	1.0
-2	0	1.0
-1	0	0.0
0	0	1.0
1	0	0.0
2	0	0.0
3	2	0.0
4	0	2.0
5	1	0.0
6	6	0.0
7	5	1.0
8	4	0.0
9	3	0.0
10	0	0.0
11	3	0.0
12	0	0.0
13	9	0.0
14	0	0.0
15	0	0.0
16	0	0.0
17	3	0.0
18	0	0.0
19	1	1.0
20	2	0.0
21	1	0.0
22	1	0.0
23	1	0.0
-24	0	0.0
-23	0	0.0
-22	0	0.0
-21	0	0.0
-20	0	0.0
-19	0	0.0
-18	0	0.0
-17	0	0.0
-16	0	0.0
-15	0	0.0
-14	0	0.0
-13	0	0.0
-12	0	0.0
-11	0	0.0
-10	0	0.0
-9	0	0.0
-8	0	0.02
-7	0	0.0
-6	0	0.0
-5	0	0.0
-4	0	0.0
-3	0	0.0
-2	0	0.0
-1	0	0.0
0	1	0.0
1	1	0.0
2	1	0.0
3	0	0.02127659574468085
4	1	0.0
5	0	0.0
6	2	0.0
7	1	0.0
8	3	0.037037037037037035
9	1	0.0
10	2	0.041666666666666664
11	1	0.0
-25	0	0.0
-36	0	0.0
-35	0	0.0
-34	0	0.0
-33	0	0.0
-32	0	0.0
-31	0	0.0
-30	0	0.0
-29	0	0.0
-28	0	0.0
-27	0	0.0
-26	0	0.0
-25	0	0.0
-24	0	0.0
-23	0	0.06
-22	0	0.1
-21	0	0.06
-20	0	0.24
-19	0	0.0
-18	0	0.24
-17	0	0.1
-16	0	0.0
-15	0	0.0
-14	0	0.0
-13	0	0.0
-12	0	0.0
-11	1	0.0
-10	0	0.0
-9	0	0.0
-8	0	0.0
-7	0	0.0
-6	0	0.12
-5	0	0.2
-4	0	0.0
-3	0	0.56
-2	1	0.32
-1	0	0.0
0	1	0.0
1	1	0.0
2	5	0.24
3	1	0.2
4	3	0.12
-39	0	0.0
-38	0	0.0
-37	0	0.0
5	0	0.13157894736842105
-12	0	0.0
-11	0	0.0
-10	0	0.0
-9	0	0.0
-8	0	0.0
-7	0	0.0
-6	0	0.0
-5	0	0.0
-4	0	0.0
-3	0	0.0
-2	0	0.0
-1	0	0.0
0	0	0.0
1	4	0.0
2	1	0.0
3	0	0.0
4	2	0.0
5	1	0.0
6	0	0.0
7	0	0.0
8	2	0.0
9	0	0.0
10	0	0.0
11	0	0.0
12	0	0.0
13	0	0.0
14	1	0.0
15	0	0.0
16	0	0.0
17	0	0.0
18	0	0.0
19	0	0.0
20	0	0.0
21	0	0.0
22	0	0.0
23	0	0.0
24	0	0.0
25	0	0.0
26	0	0.0
27	0	0.0
28	0	0.0
29	0	0.0
-13	0	0.0
-27	0	0.0
-26	0	0.0
-25	0	0.0
-24	0	0.08
-23	0	0.0
-22	0	0.0
-21	0	0.0
-20	0	0.0
-19	0	0.0
-18	0	0.08
-17	0	0.0
-16	0	0.24
-15	0	0.2
-14	0	0.24
-13	0	0.28
-12	0	0.0
-11	1	0.34
-10	0	0.22
-9	0	0.32
-8	0	0.14
-7	0	0.44
-6	1	0.66
-5	0	0.12
-4	1	0.1
-3	1	0.6
-2	1	0.44
-1	0	0.0
0	0	0.1
1	2	0.18
2	1	0.24
3	1	0.3
4	0	0.22
5	3	0.0
6	1	0.0
7	6	0.18
8	5	0.22
9	0	0.22
10	0	0.0
11	0	0.11363636363636363
12	2	0.11363636363636363
13	5	0.045454545454545456
14	1	0.0
15	0	0.0
16	0	0.14285714285714285
17	0	0.0
18	1	0.0
19	0	0.0
20	0	0.0
21	0	0.0
22	1	0.0
23	0	0.0
24	1	0.0
25	0	0.0
-22	0	1.0
-21	0	0.0
-20	0	0.0
-19	0	1.0
-18	0	0.0
-17	0	0.0
-16	0	1.0
-15	1	0.0
-14	0	0.0
-13	1	0.0
-12	2	0.0
-11	2	0.0
-10	2	1.0
-9	1	1.0
-8	1	0.0
-7	0	6.0
-6	3	1.0
-5	1	0.0
-4	1	0.0
-3	7	9.0
-2	1	6.0
-1	3	3.0
0	2	4.0
1	6	2.0
2	3	0.0
3	5	1.0
4	3	4.0
5	3	2.0
6	2	2.0
7	4	3.0
-13	0	0.0
-12	0	0.0
-11	0	0.0
-10	0	0.0
-9	0	0.0
-8	0	0.0
-7	1	1.0
-6	0	0.0
-5	0	1.0
-4	3	2.0
-3	3	2.0
-2	1	2.0
-1	1	1.0
0	1	0.0
1	0	1.0
2	5	0.0
3	0	0.0
4	3	0.0
5	2	1.0
6	10	0.0
7	7	0.0
8	2	0.0
-26	0	0.0
-25	0	0.0
-24	0	0.0
-23	0	0.0
-22	0	0.0
-21	0	0.0
-20	0	0.0
-19	0	0.0
-18	0	0.0
-17	0	0.0
-16	0	0.0
-15	0	0.0
-14	0	0.0
-13	0	0.0
-12	0	0.0
-11	0	0.0
-10	0	0.0
-9	0	0.0
-8	0	0.0
-7	0	0.0
-6	0	0.0
-5	0	0.0
-4	0	0.0
-3	0	0.0
-2	0	0.0
-1	0	0.0
0	2	0.0
1	1	0.0
2	1	0.0
3	1	0.0
4	0	0.0
5	2	0.0
6	3	0.0
7	1	0.0
8	2	0.0
9	2	0.0
10	1	0.0
11	0	0.0
12	3	0.0
13	0	0.0
14	2	0.0
15	0	0.0
16	0	0.0
17	0	0.0
18	0	0.0
19	0	0.0
20	1	0.0
21	0	0.0
22	0	0.0
-29	0	0.0
-28	0	0.0
-27	0	0.0
-22	0	0.0
-21	0	0.0
-20	0	0.0
-19	0	0.0
-18	0	0.0
-17	0	0.0
-16	0	0.0
-15	0	0.0
-14	0	0.0
-13	0	0.0
-12	0	0.0
-11	0	0.0
-10	0	0.0
-9	0	0.0
-8	0	0.0
-7	0	0.0
-6	0	0.0
-5	0	0.0
-4	0	0.0
-3	0	0.0
-2	0	0.0
-1	2	2.0
0	0	3.0
1	0	1.0
2	1	0.0
3	2	3.0
4	0	3.0
5	0	2.0
6	1	1.0
7	4	4.0
8	8	6.0
9	2	6.0
10	3	12.0
11	1	4.0
12	4	2.0
13	2	4.0
14	3	0.0
15	2	1.0
16	2	2.0
17	2	5.0
18	2	2.0
19	0	3.0
-15	0	0.0
-14	0	0.0
-13	0	0.0
-12	0	0.0
-11	0	0.0
-10	0	0.0
-9	0	0.0
-8	0	0.0
-7	0	0.0
-6	1	0.0
-5	0	1.0
-4	0	1.0
-3	0	0.0
-2	1	0.0
-1	1	1.0
0	4	0.0
1	3	0.0
2	1	0.0
3	0	2.0
4	1	2.0
5	1	0.0
6	0	0.0
7	0	0.0
8	1	1.0
9	0	0.0
10	0	0.0
11	0	0.0
12	0	0.0
13	0	0.0
14	0	0.0
15	0	0.0
16	0	0.0
17	0	0.0
18	0	0.0
19	0	0.0
20	0	0.0
21	0	0.0
22	0	0.0
23	0	0.0
-18	0	0.14
-17	0	0.24
-16	0	0.24
-15	0	0.98
-14	1	0.32
-13	1	0.22
-12	1	0.0
-11	0	0.0
-10	0	0.0
-9	0	0.0
-8	0	1.02
-7	1	0.0
-6	0	0.0
-5	0	0.0
-4	0	0.0
-3	0	0.32
-2	0	0.52
-1	0	0.0
0	0	0.0
1	0	0.0
2	0	0.0
3	1	0.0
4	1	0.0
5	3	0.0
6	3	0.0
7	5	0.14
8	0	0.0
9	0	0.0
10	0	0.0
11	2	0.0
12	0	0.0
13	0	0.0
-19	0	0.0
-31	0	0.0
-30	0	0.0
-29	0	0.0
-28	0	0.0
-27	0	0.0
-26	0	0.0
-25	0	0.0
-24	0	0.0
-23	0	0.0
-22	0	0.0
-21	0	0.0
-20	0	0.0
-19	0	0.0
-18	0	0.0
-17	0	0.0
-16	0	0.0
-15	0	0.0
-14	0	0.0
-13	0	0.0
-12	0	0.0
-11	0	0.0
-10	0	0.0
-9	0	0.0
-8	0	0.0
-7	0	0.0
-6	0	0.0
-5	0	0.0
-4	0	0.0
-3	0	0.0
-2	0	0.0
-1	0	0.0
0	2	0.0
1	2	0.0
2	5	0.0
3	2	0.0
4	3	0.0
5	1	0.0
6	0	0.0
7	0	0.0
8	1	0.0
9	0	0.0
10	0	0.0
11	1	0.0
12	1	0.0
13	0	0.0
14	0	0.0
15	0	0.0
16	0	0.0
17	0	0.0
-32	0	0.0
-33	0	0.0
-34	0	0.0
-27	0	0.0
-26	0	0.0
-25	0	0.0
-24	0	0.0
-23	0	0.0
-22	0	0.0
-21	0	0.0
-20	0	0.0
-19	0	0.0
-18	0	0.0
-17	0	0.0
-16	0	0.0
-15	0	0.0
-14	0	0.0
-13	1	0.0
-12	3	0.5
-11	0	0.5
-10	0	0.0
-9	4	0.0
-8	0	2.0
-7	1	0.0
-6	1	1.0
-5	0	1.0
-4	0	0.0
-3	0	2.5
-2	0	0.5
-1	1	1.0
0	5	1.0
1	16	1.0
2	1	1.5
3	9	1.0
4	6	1.0
5	2	0.0
6	9	0.0
7	4	0.0
8	2	2.0
9	1	0.0
10	3	2.0
11	2	1.0
12	2	0.0
13	0	2.0
14	2	3.0
15	2	0.0
16	0	1.0
17	0	0.0
18	0	0.0
19	0	0.0
20	0	0.0
21	0	1.0
22	0	0.0
23	0	0.0
24	0	0.0
25	0	1.0
26	0	1.0
-24	0	0.0
-23	1	0.0
-22	0	0.0
-21	0	0.0
-20	0	0.38
-19	0	0.0
-18	1	0.0
-17	0	0.48
-16	0	0.0
-15	1	0.08
-14	0	0.22
-13	0	0.0
-12	0	0.0
-11	0	0.0
-10	0	0.44
-9	1	0.26
-8	0	0.22
-7	0	1.36
-6	0	0.0
-5	1	0.3
-4	0	0.0
-3	0	0.0
-2	0	0.26
-1	0	0.0
0	2	0.0
1	3	0.0
2	2	0.0
3	3	0.0
4	1	0.0
5	0	0.14
6	1	0.0
7	2	0.0
8	2	0.0
9	2	0.28
10	2	0.0
11	1	0.28
12	1	0.0
13	4	0.32608695652173914
14	1	0.15217391304347827
-27	0	0.0
-26	0	1.0
-25	0	0.0
-9	0	0.0
-8	0	0.0
-7	0	0.0
-6	0	0.0
-5	0	0.0
-4	0	0.0
-3	0	0.0
-2	0	0.0
-1	1	1.0
0	4	0.0
1	1	0.0
2	1	0.0
3	0	0.0
4	2	0.0
5	4	0.0
6	0	0.0
7	0	0.0
8	1	0.0
9	0	0.0
10	0	0.0
11	0	0.0
12	0	0.0
13	0	0.0
14	0	0.0
15	0	0.0
16	0	0.0
17	0	0.0
18	1	0.0
19	1	0.0
20	0	0.0
21	0	0.0
22	0	0.0
23	0	0.0
24	0	0.0
25	0	0.0
-17	0	0.0
-16	0	0.0
-15	0	0.0
-14	0	0.0
-13	0	0.0
-12	0	0.0
-11	0	0.0
-10	0	0.0
-9	0	0.0
-8	0	0.0
-7	0	0.0
-6	0	0.0
-5	0	0.0
-4	0	0.0
-3	0	0.0
-2	0	0.0
-1	0	0.0
0	0	0.0
1	0	0.0
2	0	0.0
3	1	0.0
4	2	0.0
5	5	0.0
6	1	0.0
7	1	0.0
8	3	0.0
9	2	0.0
10	2	0.0
-19	0	0.0
-18	0	0.0
-11	0	0.0
-10	0	0.0
-9	0	0.0
-8	0	0.0
-7	0	0.0
-6	0	0.0
-5	0	0.0
-4	0	0.0
-3	0	0.0
-2	0	0.0
-1	0	0.0
0	1	0.0
-12	0	0.0
-6	1	0.0
-5	0	0.0
-4	0	0.0
-3	0	0.0
-2	0	1.0
-1	0	0.0
0	1	0.0
1	0	0.0
2	0	0.0
3	0	0.0
4	3	0.38
5	4	0.0
6	1	0.0
7	1	0.0
8	0	0.0
9	0	0.0
10	0	0.28
11	0	0.0
12	0	0.28
13	0	0.0
14	0	0.0
15	0	0.0
16	0	0.0
17	0	0.0
18	0	0.0
19	0	0.0
20	1	0.0
21	0	0.0
-7	0	0.0
-6	0	0.0
-5	0	0.0
-4	0	0.0
-3	0	0.0
-2	0	0.0
-1	0	0.0
0	1	0.0
1	4	0.0
2	4	0.0
3	2	0.0
4	4	0.0
5	4	0.0
6	7	0.0
7	4	0.0
8	4	0.0
9	4	0.0
10	1	0.0
11	1	0.0
12	4	0.0
13	6	0.0
14	1	0.0
15	1	0.0
16	0	0.0
17	0	0.0
18	0	0.0
19	0	0.0
20	0	0.0
21	0	0.0
22	2	0.0
23	0	0.0
24	0	0.0
25	0	0.0
26	0	0.0
27	1	0.0
28	0	0.0
29	0	0.0
30	0	0.0
31	0	0.0
32	0	0.0
33	0	0.0
34	2	0.0
35	0	0.0
36	0	0.029411764705882353
37	0	0.0
38	0	0.0
39	0	0.0
40	0	0.0
41	0	0.0
42	0	0.0
43	0	0.038461538461538464
44	0	0.0
-8	0	0.0
-13	0	0.0
-12	0	0.0
-11	0	0.0
-10	0	0.0
-9	0	0.0
-8	0	0.0
-7	0	0.0
-6	0	0.0
-5	0	0.0
-4	0	0.0
-3	0	0.0
-2	0	0.0
-1	0	0.0
0	5	0.0
1	0	0.0
2	6	0.0
3	4	0.0
4	5	0.0
5	9	0.0
6	6	0.0
7	3	0.0
8	2	0.0
9	0	0.0
10	0	0.0
11	0	0.0
12	0	0.0
13	0	0.0
14	0	0.0
15	0	0.0
16	0	0.0
17	0	0.0
18	0	0.0
19	0	0.0
20	1	0.0
21	0	0.0
22	0	0.0
23	0	0.0
24	0	0.0
25	0	0.0
26	0	0.0
27	0	0.0
28	0	0.0
29	2	0.0
30	0	0.0
31	0	0.0
32	0	0.0
33	0	0.0
34	0	0.0
35	0	0.0
36	0	0.0
37	0	0.0
-14	0	0.0
-15	0	0.0
-18	0	0.0
-17	0	0.0
-16	0	0.0
-15	0	0.0
-14	0	0.0
-13	0	0.0
-12	0	0.0
-11	0	0.0
-10	0	0.0
-9	0	0.0
-8	0	0.0
-7	0	0.0
-6	0	0.0
-5	0	0.0
-4	0	0.0
-3	0	0.0
-2	0	0.0
-1	1	1.0
0	0	1.0
1	1	1.5
2	3	1.0
3	3	0.0
4	4	0.0
5	0	0.0
6	0	0.0
7	3	0.0
8	3	0.0
9	1	0.0
10	3	0.0
11	2	0.0
12	2	0.0
13	2	0.0
14	1	0.0
15	3	0.0
16	1	0.0
17	3	0.0
18	1	0.0
19	0	0.0
20	0	0.0
21	0	0.0
22	0	0.0
23	0	0.0
24	0	0.0
25	0	0.0
26	0	0.0
27	0	0.0
28	1	0.0
29	0	0.5
30	0	0.0
31	0	0.0
32	0	0.0
33	0	0.0
-19	0	0.0
-14	0	0.0
-13	0	0.0
-12	0	0.0
-11	0	0.0
-10	0	0.0
-9	0	0.0
-8	0	0.0
-7	0	0.0
-6	0	0.0
-5	0	0.0
-4	0	0.0
-3	0	0.0
-2	0	0.0
-1	0	0.0
0	2	0.0
1	2	0.0
2	4	0.0
3	1	0.0
4	2	0.0
5	0	0.0
6	2	0.0
7	0	0.0
8	1	0.0
9	2	0.0
10	3	0.0
11	0	0.0
12	0	0.0
13	1	0.0
14	0	0.0
15	1	0.0
-15	0	0.0
-16	0	0.0
-18	0	0.0
-17	0	0.08
-16	0	0.0
-15	0	0.08
-14	0	0.0
-13	0	0.08
-12	0	0.0
-11	0	0.06
-10	0	0.0
-9	0	0.28
-8	0	0.04
-7	0	0.42
-6	0	0.12
-5	2	0.3
-4	0	0.0
-3	0	0.1
-2	1	1.44
-1	0	0.0
0	2	0.26
1	0	0.04
2	6	0.08
3	0	0.44
4	7	0.13636363636363635
5	4	0.2972972972972973
6	5	0.24324324324324326
7	0	0.21621621621621623
8	5	0.14285714285714285
9	4	0.23333333333333334
-16	0	0.0
-15	0	0.0
-14	0	0.0
-13	0	0.0
-12	0	4.0
-11	0	0.0
-10	0	0.0
-9	0	0.0
-8	1	2.0
-7	1	0.0
-6	0	0.0
-5	2	2.0
-4	2	0.0
-3	1	0.0
-2	0	0.0
-1	0	0.0
0	2	0.0
1	2	0.0
2	2	0.0
3	0	0.0
4	2	0.0
5	3	0.0
6	3	0.0
7	0	0.0
8	1	1.0
9	2	0.0
10	2	0.0
11	0	0.0
12	1	0.0
13	1	0.0
14	4	0.0
15	1	0.0
16	1	0.0
17	1	0.0
18	2	0.0
19	1	0.0
20	2	0.0
21	2	0.0
22	2	0.0
23	1	0.0
24	1	0.0
25	1	0.0
26	1	0.0
27	0	0.0
-14	0	0.0
-13	0	0.0
-12	0	0.0
-11	0	0.0
-10	0	0.0
-9	0	0.0
-8	0	0.0
-7	0	0.0
-6	0	0.0
-5	0	0.0
-4	0	0.0
-3	0	0.0
-2	0	0.0
-1	0	0.0
0	2	0.0
1	3	0.0
2	2	0.0
3	4	0.0
4	2	0.0
5	3	0.0
6	2	0.0
7	1	0.0
8	0	0.0
9	1	0.0
10	1	0.0
11	1	0.0
12	0	0.0
13	1	0.0
14	4	0.0
15	1	0.0
16	0	0.0
17	0	0.0
18	0	0.0
19	0	0.0
20	0	0.0
21	0	0.0
22	0	0.0
23	0	0.0
24	1	0.0
25	0	0.0
26	1	0.0
27	0	0.0
28	0	0.0
29	0	0.0
30	0	0.0
31	0	0.0
32	0	0.0
33	0	0.0
34	0	0.0
35	1	0.0
36	0	0.0
37	1	0.0
38	1	0.0
39	0	0.0
40	0	0.0
41	0	0.0
-16	0	0.0
-15	0	0.0
-12	0	0.0
-11	0	0.0
-10	0	0.0
-9	0	0.0
-8	0	0.0
-7	0	0.0
-6	0	0.0
-5	0	0.0
-4	0	0.0
-3	0	0.0
-2	0	0.0
-1	0	0.0
0	2	0.0
1	0	0.0
2	1	0.0
3	1	0.0
4	2	0.0
5	0	0.0
6	2	0.0
7	1	0.0
8	1	0.0
9	1	0.0
10	3	0.0
11	2	0.0
12	1	0.0
13	1	0.0
14	2	0.0
15	2	0.0
16	1	0.0
17	0	0.0
18	2	0.0
19	1	0.0
20	0	0.0
21	5	0.0
22	1	0.0
23	2	0.0
24	0	0.0
25	0	0.0
26	1	0.0
27	1	0.0
28	0	0.0
29	2	0.0
30	2	0.0
31	1	0.0
32	1	0.0
33	2	0.0
-10	0	0.0
-9	0	0.0
-8	0	0.0
-7	0	0.0
-6	0	0.0
-5	0	0.0
-4	0	0.0
-3	0	0.0
-2	0	0.0
-1	0	0.0
0	4	0.0
1	3	0.0
2	3	0.0
3	3	0.0
4	5	0.0
5	3	0.0
6	1	0.0
7	5	0.0
8	2	0.0
9	2	0.0
10	10	0.0
11	7	0.0
12	3	0.0
13	0	0.0
14	0	0.0
15	5	0.0
16	1	0.0
17	6	0.0
18	4	0.0
19	1	0.0
20	6	0.0
21	9	0.0
22	3	0.0
23	2	0.0
24	0	0.0
25	0	0.0
26	1	0.0
27	1	0.0
28	3	0.0
29	2	0.0
30	2	0.0
31	0	0.0
32	0	0.0
33	1	0.0
-11	0	0.0
-12	0	0.0
-11	0	0.0
-10	0	0.0
-9	0	0.0
-8	0	0.0
-7	0	0.0
-6	0	0.0
-5	0	0.0
-4	0	0.0
-3	0	0.0
-2	0	0.0
-1	0	0.0
0	0	0.0
1	1	0.0
2	4	0.0
-13	0	0.0
-31	0	0.0
-30	0	0.0
-29	0	0.0
-28	0	0.0
-27	0	0.0
-26	0	0.0
-25	0	0.0
-24	0	0.0
-23	0	0.0
-22	0	0.0
-21	0	0.0
-20	0	0.0
-19	0	0.0
-18	0	0.06
-17	0	0.0
-16	0	0.0
-15	0	0.0
-14	0	0.0
-13	0	0.0
-12	0	0.0
-11	0	0.08
-10	0	0.22
-9	0	0.0
-8	0	0.0
-7	0	0.14
-6	0	0.0
-5	0	0.0
-4	0	0.08
-3	1	0.14
-2	0	0.28
-1	0	0.0
0	0	0.0
1	0	0.0
2	1	0.0
3	10	0.0
4	0	0.1
5	0	0.0
6	10	0.0
7	0	0.08695652173913043
8	0	0.0
9	1	0.0
10	0	0.0
11	0	0.0
-13	0	0.0
-12	0	0.0
-11	0	0.0
-10	0	0.0
-9	0	0.0
-8	0	0.0
-7	0	0.0
-6	0	0.0
-5	0	0.0
-4	0	0.0
-3	0	0.0
-2	0	0.0
-1	0	0.0
0	0	0.0
1	0	0.0
2	2	0.0
3	1	0.0
4	0	0.0
5	4	0.0
6	0	0.0
7	2	0.0
8	1	0.0
9	0	0.0
10	0	0.0
11	0	0.0
12	0	0.0
13	0	0.0
14	0	0.0
15	0	0.0
16	0	0.0
17	0	0.0
18	0	0.0
19	0	0.0
20	0	0.0
21	0	0.0
22	0	0.0
23	2	0.0
24	0	0.0
-14	0	0.0
-15	0	0.0
-5	1	0.16
-4	0	0.24
-3	0	0.34
-2	0	0.26
-1	0	0.0
0	0	0.1
1	1	0.0
2	1	0.16
3	2	0.0
4	0	0.0
5	5	0.0
6	1	0.0
7	2	0.0
8	2	0.0
9	1	0.0
10	0	0.0
11	0	0.0
12	3	0.16666666666666666
13	1	0.0
14	0	0.0
15	0	0.16666666666666666
16	0	0.0
17	0	0.0
18	0	0.0
19	0	0.0
20	1	0.0
21	1	0.0
22	0	0.0
23	0	0.0
24	0	0.0
25	0	0.0
26	0	0.0
27	0	0.0
-13	0	0.0
-12	0	0.0
-11	0	0.0
-10	0	0.0
-9	0	0.0
-8	0	0.0
-7	0	0.0
-6	0	0.0
-5	0	0.0
-4	0	0.0
-3	0	0.0
-2	0	0.0
-1	0	0.0
0	3	0.0
1	2	0.0
2	2	0.0
3	2	0.0
4	3	0.0
5	4	0.0
6	5	0.0
7	0	0.0
8	3	0.0
9	3	0.0
10	1	0.0
11	2	0.0
12	1	0.0
13	0	0.0
14	2	0.0
15	3	0.0
16	4	0.0
17	0	0.0
18	2	0.0
19	1	0.0
20	5	0.0
21	0	0.0
22	0	0.0
23	0	0.0
24	8	0.0
-15	0	0.0
-14	0	0.0
25	1	0.0
-16	0	0.0
-15	0	0.0
-14	0	0.0
-13	0	0.0
-12	0	0.0
-11	0	0.0
-10	0	0.0
-9	0	0.0
-8	0	0.0
-7	0	0.0
-6	0	0.0
-5	0	0.0
-4	0	0.0
-3	0	0.0
-2	0	0.0
-1	0	0.0
0	0	0.0
1	0	0.0
2	0	0.0
3	0	0.0
4	1	0.0
5	2	0.0
6	0	0.0
7	3	0.0
8	0	0.0
9	4	0.0
10	1	0.0
11	1	0.0
12	0	0.0
13	0	0.0
14	1	0.0
15	2	0.0
16	2	0.0
17	1	0.0
18	0	0.0
19	1	0.0
20	0	0.0
21	1	0.0
22	1	0.0
23	0	0.0
24	1	0.0
25	1	0.0
26	2	0.0
27	1	0.0
28	0	0.0
29	0	0.0
30	0	0.0
31	0	0.0
32	0	0.0
-17	0	0.0
-21	0	0.0
-20	0	0.0
-19	0	0.0
-18	0	0.0
-17	0	0.0
-16	0	0.0
-15	0	0.0
-14	0	0.0
-13	0	0.0
-12	0	0.0
-11	0	0.0
-10	0	0.0
-9	0	0.0
-8	0	0.0
-7	0	0.0
-6	0	0.0
-5	0	0.0
-4	0	0.0
-3	0	0.0
-2	0	0.0
-1	1	1.0
0	6	0.0
1	2	0.0
2	6	0.0
3	5	0.0
4	3	0.0
5	1	0.0
6	1	0.0
7	1	0.0
8	2	0.0
9	0	0.0
10	1	0.0
11	0	0.4
12	0	0.0
13	0	0.0
14	0	0.0
15	0	0.0
16	0	0.0
17	1	0.0
18	1	0.0
19	0	0.0
20	0	0.0
21	0	0.0
22	1	0.0
23	0	0.0
24	0	0.0
25	1	0.0
26	0	0.0
27	0	0.0
28	0	0.0
29	0	0.0
-2	0	0.0
-1	0	0.0
0	1	0.0
1	2	0.02127659574468085
2	2	0.0
3	3	0.0
4	0	0.0
5	0	0.0
6	1	0.0
7	0	0.0
8	1	0.0
9	3	0.0
10	1	0.0
11	3	0.0
12	1	0.0
13	2	0.0
14	1	0.034482758620689655
15	0	0.0
16	3	0.03571428571428571
17	0	0.0
18	0	0.0
19	0	0.0
20	2	0.0
21	0	0.0
22	0	0.0
23	1	0.0
24	1	0.0
25	1	0.0
26	2	0.0
27	0	0.0
28	6	0.0
29	1	0.0
30	1	0.0
31	3	0.0
32	0	0.04
33	1	0.0
34	2	0.0
35	2	0.0
36	3	0.0
37	1	0.0
38	2	0.0
39	1	0.0
40	2	0.0
41	2	0.0
42	1	0.0
43	2	0.0
44	0	0.0
45	3	0.0
46	0	0.0
47	1	0.0
48	1	0.0
-3	0	0.0
-34	0	0.0
-33	0	0.0
-32	0	0.0
-31	0	0.0
-30	0	0.0
-29	0	0.0
-28	0	0.0
-27	0	0.0
-26	0	0.0
-25	0	0.0
-24	0	0.0
-23	0	0.0
-22	0	0.72
-21	0	0.36
-20	0	0.0
-19	0	0.0
-18	0	0.0
-17	0	0.0
-16	0	0.0
-15	0	0.0
-14	0	0.0
-13	0	0.0
-12	0	0.0
-11	0	0.0
-10	0	0.0
-9	0	0.0
-8	0	0.0
-7	0	0.0
-6	0	0.64
-5	1	0.64
-4	0	0.64
-3	0	0.0
-2	2	0.0
-1	0	0.0
0	4	0.0
1	0	0.0
2	0	0.0
3	2	0.0
4	0	0.0
5	0	0.0
6	2	0.0
7	0	0.0
-22	0	0.0
-21	0	0.0
-20	0	0.0
-19	0	0.0
-18	0	0.0
-17	0	0.0
-16	0	0.0
-15	0	0.0
-14	0	0.0
-13	0	0.0
-12	0	0.0
-11	0	0.0
-10	0	0.0
-9	0	0.0
-8	0	0.0
-7	1	0.0
-6	1	0.0
-5	0	0.0
-4	0	0.0
-3	0	2.0
-2	1	1.0
-1	0	0.0
0	2	0.0
1	2	0.0
2	0	0.0
3	1	0.0
4	0	0.0
5	2	0.0
-16	0	0.0
-15	0	0.0
-14	0	0.0
-13	0	0.06
-12	0	0.0
-11	0	0.04
-10	0	0.0
-9	0	0.0
-8	0	0.16
-7	0	0.0
-6	0	0.04
-5	0	0.3
-4	0	0.0
-3	1	0.0
-2	0	0.4
-1	0	0.0
0	1	0.22
1	2	0.26
2	0	0.2
3	0	0.06382978723404255
4	0	0.3055555555555556
5	4	0.5
6	2	0.1111111111111111
7	0	0.05555555555555555
8	1	0.25
9	0	0.08333333333333333
10	0	0.08333333333333333
11	1	0.0
12	0	0.17857142857142858
-17	0	0.0
13	0	0.0
-10	0	0.0
-9	0	0.0
-8	0	0.0
-7	0	0.0
-6	0	0.0
-5	0	0.0
-4	0	0.0
-3	0	0.0
-2	0	0.0
-1	0	0.0
0	9	0.0
1	12	0.0
2	9	0.0
3	11	0.0
4	13	0.0
5	21	0.0
6	15	0.0
7	3	0.0
8	0	0.0
9	0	0.0
10	0	0.022222222222222223
11	0	0.0
12	0	0.0
13	0	0.0
14	0	0.025
15	0	0.0
16	0	0.0
17	0	0.0
18	0	0.0
19	0	0.0
20	0	0.0
21	0	0.0
22	0	0.02702702702702703
23	0	0.0
24	0	0.0
25	0	0.0
26	0	0.0
27	0	0.030303030303030304
28	0	0.03125
29	0	0.0
30	0	0.0
31	0	0.0
32	0	0.0
33	0	0.0
34	0	0.0
35	0	0.0
36	0	0.0
37	0	0.0
38	0	0.0
39	0	0.0
-11	0	0.0
-17	0	0.0
-16	0	0.0
-15	0	0.0
-14	0	0.0
-13	0	0.0
-12	0	0.0
-11	0	0.0
-10	0	0.0
-9	0	0.0
-8	0	0.0
-7	0	0.0
-6	0	0.0
-5	0	0.0
-4	0	1.0
-3	1	0.0
-2	0	0.0
-1	1	1.0
0	0	0.0
1	1	0.0
2	4	0.0
3	1	0.0
4	1	0.0
5	3	0.0
6	0	0.0
7	4	0.0
8	3	0.0
9	2	0.0
10	2	0.0
11	2	0.0
12	0	0.0
13	3	0.0
14	0	0.0
15	2	0.0
16	2	0.0
17	0	0.0
18	0	0.0
19	0	0.0
-35	0	0.0
-34	0	0.0
-33	0	0.0
-32	0	0.0
-31	0	0.0
-30	0	0.0
-29	0	0.0
-28	0	0.0
-27	0	0.0
-26	0	0.0
-25	0	0.0
-24	0	0.0
-23	0	0.0
-22	0	0.0
-21	0	0.0
-20	0	0.0
-19	0	0.0
-18	0	0.0
-17	0	0.0
-16	0	0.0
-15	0	0.0
-14	0	0.0
-13	0	0.0
-12	0	0.0
-11	0	0.0
-10	0	0.0
-9	0	0.0
-8	0	0.0
-7	0	0.0
-6	0	0.0
-5	0	0.0
-4	0	0.0
-3	0	0.0
-2	0	0.0
-1	0	0.0
0	3	0.0
1	2	0.0
2	2	0.0
3	0	0.0
4	0	0.0
5	0	0.0
6	5	0.0
7	0	0.0
8	0	0.0
9	0	0.0
10	1	0.0
-36	0	0.0
-37	0	0.0
-23	0	0.0
-22	0	0.0
-21	0	0.0
-20	0	0.0
-19	0	0.0
-18	0	0.0
-17	0	0.0
-16	0	0.0
-15	0	0.0
-14	0	0.0
-13	1	0.68
-12	0	0.0
-11	0	0.68
-10	1	0.0
-9	1	0.64
-8	1	0.68
-7	0	0.68
-6	0	0.32
-5	1	0.0
-4	1	0.64
-3	0	0.32
-2	0	1.36
-1	0	0.0
0	3	0.32
1	0	0.68
2	0	0.68
3	3	0.32
4	1	0.32
5	1	0.32
6	0	1.36
7	0	0.32
8	2	0.0
9	2	0.68
10	1	0.0
11	2	0.68
12	1	1.0
13	2	0.0
14	4	0.68
15	0	0.0
16	2	0.0
17	2	0.0
18	1	0.32
19	1	1.0
20	0	0.64
21	0	0.68
22	2	0.32
23	0	0.0
24	0	0.0
25	1	1.0
26	0	0.0
-25	0	0.0
-24	0	0.0
-17	0	0.0
-16	0	0.0
-15	0	0.0
-14	0	0.0
-13	0	0.0
-12	0	0.0
-11	0	0.0
-10	0	0.0
-9	0	0.0
-8	0	0.0
-7	0	0.0
-6	0	0.0
-5	0	0.0
-4	0	0.0
-3	0	0.0
-2	0	0.0
-1	1	1.0
0	0	0.28
1	0	0.72
2	3	0.0
3	3	0.28
4	0	0.0
5	1	0.0
6	2	0.0
7	3	0.0
8	2	0.0
9	1	0.0
10	1	0.44
11	2	0.0
-21	0	0.0
-20	0	0.0
-19	0	0.0
-18	0	0.0
-17	0	0.0
-16	0	0.0
-15	0	0.0
-14	0	0.0
-13	0	0.0
-12	0	0.0
-11	0	0.0
-10	1	0.18
-9	0	0.16
-8	0	0.1
-7	0	0.56
-6	0	0.66
-5	0	0.48
-4	2	1.0
-3	0	1.0
-2	2	0.52
-1	1	1.0
0	0	1.1
1	5	0.32
2	4	0.58
3	0	0.4
4	1	0.84
5	2	0.58
6	2	0.44
7	1	0.0
8	0	1.6888888888888889
9	1	0.0
10	0	0.7111111111111111
11	1	0.0
12	1	0.0
13	0	0.0
14	0	0.0
15	0	0.21621621621621623
16	2	0.0
17	1	0.21621621621621623
18	0	0.0
19	1	0.0
20	0	0.0
21	0	0.0
-36	0	0.0
-35	0	0.0
-34	0	0.0
-33	0	0.0
-32	0	0.0
-31	0	0.0
-30	0	0.0
-29	0	0.0
-28	0	0.0
-27	0	0.0
-26	0	0.0
-25	0	0.28
-24	3	0.0
-23	2	0.56
-22	2	0.56
-21	1	0.0
-20	3	0.56
-19	1	0.52
-18	3	0.28
-17	4	1.0
-16	1	1.24
-15	4	0.96
-14	1	1.28
-13	1	3.2
-12	0	1.8
-11	0	2.6
-10	1	0.48
-9	2	1.08
-8	0	1.72
-7	1	1.6
-6	1	3.12
-5	0	1.8
-4	2	1.08
-3	0	2.52
-2	0	3.84
-1	1	1.0
0	1	2.6
1	0	1.48
2	0	0.8
3	5	0.48
4	3	0.68
5	0	0.6
6	7	0.88
7	1	0.96
8	3	0.0
9	1	0.28
10	6	0.28
-39	0	0.0
-38	0	0.0
-37	0	0.0
11	1	0.0
-15	0	0.0
-14	0	0.0
-13	0	0.0
-12	0	0.0
-11	0	0.0
-10	0	0.0
-9	0	0.0
-8	0	0.0
-7	0	0.0
-6	0	0.0
-5	0	0.0
-4	0	0.0
-3	0	0.0
-2	0	0.0
-1	0	0.0
0	3	0.0
1	0	0.0
2	4	0.0
3	0	0.0
4	0	0.0
5	1	0.0
6	0	0.0
7	0	0.0
8	2	0.0
9	1	0.0
10	0	0.0
11	0	0.0
12	0	0.0
-17	0	0.0
-16	0	0.0
-5	0	0.0
-4	0	0.0
-3	0	0.0
-2	0	0.0
-1	0	0.0
0	0	0.0
1	0	0.0
2	0	0.0
3	2	0.0
4	2	0.0
5	2	0.0
6	3	0.0
7	1	0.0
8	0	0.0
9	2	0.0
10	4	0.0
11	0	0.0
12	0	0.0
13	1	0.0
14	2	0.0
15	2	0.02702702702702703
16	1	0.0
17	2	0.0
18	0	0.0
19	0	0.0
20	1	0.0
21	1	0.0
22	2	0.0
23	1	0.0
24	1	0.030303030303030304
25	1	0.0
26	1	0.0
27	1	0.06451612903225806
28	1	0.03333333333333333
29	2	0.06666666666666667
30	0	0.0
31	0	0.0
32	0	0.0
33	2	0.0
34	3	0.0
35	0	0.0
-6	0	0.0
-20	0	0.08
-19	0	0.0
-18	0	0.26
-17	0	0.1
-16	0	0.08
-15	0	0.0
-14	0	0.08
-13	1	0.54
-12	0	0.16
-11	0	0.0
-10	0	0.0
-9	0	0.0
-8	0	0.0
-7	0	0.16
-6	0	0.2
-5	0	0.16
-4	0	0.06
-3	1	0.06
-2	0	0.06
-1	0	0.0
0	1	0.12
1	0	0.22
2	4	0.28
3	0	0.24
4	0	0.18
5	0	0.16
6	1	0.08
7	1	0.26
8	1	0.06
9	3	0.16
10	0	0.0
11	2	0.06
12	3	0.0
13	1	0.02
14	1	0.0
15	0	0.0851063829787234
16	0	0.06382978723404255
17	0	0.10638297872340426
18	2	0.0
19	1	0.0
20	1	0.0
21	1	0.0
22	0	0.0
23	0	0.0
24	3	0.0
25	1	0.0
26	0	0.0
27	0	0.0
28	0	0.0
-21	0	0.0
-19	0	0.0
-18	0	0.0
-17	0	0.0
-16	0	0.0
-15	0	0.0
-14	0	0.0
-13	0	0.0
-12	0	0.0
-11	0	0.0
-10	0	0.0
-9	0	0.0
-8	0	0.0
-7	0	0.0
-6	0	0.0
-5	0	0.0
-4	0	0.0
-3	0	0.0
-2	0	0.0
-1	0	0.0
0	0	0.0
1	4	0.0
2	4	0.0
3	1	0.0
4	2	0.0
5	0	0.0
6	1	0.0
7	0	0.0
8	1	0.0
9	1	0.0
-20	0	0.0
-16	0	0.0
-15	0	0.0
-14	0	0.0
-13	0	0.0
-12	0	0.0
-11	0	0.0
-10	0	0.0
-9	0	0.0
-8	0	0.0
-7	0	0.0
-6	0	0.0
-5	0	0.0
-4	0	0.0
-3	0	0.0
-2	0	0.0
-1	0	0.0
0	3	0.0
1	2	0.0
2	9	0.0
3	2	0.0
4	3	0.0
5	2	0.0
6	9	0.0
7	1	0.0
8	8	0.0
9	0	0.0
10	3	0.0
11	0	0.0
12	0	0.0
13	1	0.0
14	0	0.0
15	0	0.0
16	0	0.0
17	0	0.0
18	0	0.0
19	0	0.0
20	0	0.0
21	0	0.0
-14	0	0.0
-13	0	0.0
-12	0	0.0
-11	0	0.0
-10	0	0.0
-9	0	0.0
-8	0	0.0
-7	0	0.0
-6	0	0.0
-5	0	0.0
-4	0	0.0
-3	0	0.0
-2	0	0.0
-1	0	0.0
0	0	0.0
1	3	0.0
2	3	0.0
3	2	0.0
4	2	0.0
5	1	0.0
6	4	0.0
7	0	0.0
8	1	0.0
9	0	0.0
10	0	0.0
11	1	0.0
12	0	0.0
13	0	0.0
14	0	0.0
15	1	0.0
16	0	0.0
17	2	0.0
18	2	0.0
19	1	0.0
20	0	0.0
21	0	0.0
22	0	0.0
23	0	0.0
24	0	0.0
25	0	0.0
26	0	0.0
27	0	0.0
28	0	0.0
29	0	0.0
30	0	0.0
31	0	0.0
32	0	0.0
-15	0	0.0
-16	0	0.0
-7	1	0.36
-6	0	0.0
-5	0	0.0
-4	0	0.32
-3	0	0.32
-2	0	0.0
-1	0	0.0
0	0	0.0
1	2	0.0
2	1	0.0
3	2	0.0
4	1	0.0
5	3	0.32
6	0	0.0
7	0	0.64
8	0	0.0
9	1	0.0
10	0	0.64
11	0	0.0
12	1	0.0
13	1	0.32
14	0	0.0
15	0	0.0
16	0	0.0
17	0	0.0
18	1	0.0
19	0	0.0
20	1	0.0
21	0	0.0
22	3	0.0
23	0	0.0
24	0	0.0
25	0	0.0
26	0	0.0
27	0	0.0
28	0	0.0
29	0	0.0
30	0	0.0
31	0	0.0
-15	0	0.0
-14	0	0.0
-13	0	0.0
-12	0	0.0
-11	0	0.0
-10	0	0.0
-9	1	0.0
-8	0	1.0
-7	1	0.0
-6	0	0.0
-5	1	1.0
-4	0	1.0
-3	0	0.0
-2	1	1.0
-1	0	0.0
0	0	0.0
1	2	0.0
2	1	0.0
3	0	0.0
4	2	0.0
5	0	0.0
6	1	1.0
7	1	0.0
8	1	0.0
9	3	0.0
10	2	2.0
11	1	1.0
12	0	2.0
13	1	0.0
14	0	1.0
15	0	0.0
16	0	2.0
17	0	1.0
18	0	1.0
19	0	1.0
20	0	0.0
21	0	0.0
-29	0	0.0
-28	0	0.0
-27	0	0.0
-26	0	0.0
-25	0	0.0
-24	0	0.0
-23	0	0.0
-22	0	0.0
-21	0	0.0
-20	0	0.0
-19	0	0.0
-18	0	0.0
-17	0	0.0
-16	0	0.0
-15	0	0.0
-14	0	0.0
-13	0	0.0
-12	0	0.0
-11	0	0.0
-10	0	0.0
-9	0	0.0
-8	0	0.0
-7	0	0.0
-6	0	0.0
-5	0	0.0
-4	0	0.0
-3	0	0.0
-2	0	0.0
-1	0	0.0
0	0	0.0
1	0	0.0
-30	0	0.0
2	1	0.0
3	1	0.0
4	4	0.0
5	0	0.0
6	2	0.0
7	0	0.0
8	1	0.0
9	3	0.0
10	1	0.0
11	1	0.0
12	1	0.0
13	0	0.0
14	1	0.0
15	2	0.0
16	0	0.0
17	0	0.0
18	0	0.0
-32	0	0.0
-31	0	0.0
-11	0	0.0
-10	0	0.0
-9	0	0.0
-8	0	0.0
-7	0	0.0
-6	0	0.0
-5	0	0.0
-4	0	0.0
-3	0	0.0
-2	0	0.0
-1	0	0.0
0	4	0.0
1	0	0.0
2	1	0.0
3	3	0.0
4	1	0.0
5	1	0.0
6	1	0.0
7	1	0.0
8	1	0.0
9	0	0.0
10	0	0.0
11	0	0.0
12	0	0.0
13	0	0.0
14	0	0.0
15	0	0.0
16	0	0.0
17	1	0.0
18	0	0.0
19	0	0.0
20	0	0.0
21	0	0.0
22	0	0.0
23	0	0.0
24	0	0.0
25	0	0.0
26	0	0.0
27	0	0.0
28	0	0.0
-12	0	0.0
-17	0	0.0
-16	0	0.0
-15	0	0.0
-14	0	0.0
-13	0	0.0
-12	0	0.0
-11	0	0.0
-10	0	0.0
-9	0	0.0
-8	0	0.0
-7	0	0.0
-6	0	0.0
-5	0	0.0
-4	2	0.0
-3	0	0.0
-2	0	2.0
-1	0	0.0
0	1	0.0
1	0	0.0
2	1	0.0
3	0	1.0
4	1	0.0
5	1	0.0
6	0	0.0
7	4	0.0
8	2	0.0
9	1	0.0
10	1	0.0
11	0	0.0
12	1	0.0
13	0	0.0
14	0	0.0
15	2	0.0
16	0	0.0
17	1	0.0
18	0	0.0
19	0	0.0
20	0	0.0
21	0	0.0
22	0	0.0
23	1	0.0
24	0	0.0
25	0	0.0
26	2	0.0
27	1	0.0
28	0	0.0
-9	0	0.0
-8	0	0.38
-7	0	0.0
-6	0	0.0
-5	0	0.0
-4	0	0.42
-3	0	0.0
-2	1	0.2
-1	1	1.0
0	0	0.38
1	0	0.42
2	1	0.84
3	2	1.04
4	2	0.98
5	0	0.2
6	1	0.2
7	1	0.62
8	2	0.82
9	1	1.22
10	3	0.84
11	0	0.84
12	1	0.42
13	0	0.0
14	0	0.0
15	0	0.0
16	0	0.0
17	0	0.0
18	0	0.0
19	0	1.02
20	0	0.0
21	0	0.0
22	0	0.0
23	0	0.0
24	0	0.0
25	0	0.2
26	0	0.0
27	0	0.4
28	0	0.42
29	0	0.0
30	0	0.0
31	0	0.0
32	0	0.0
33	0	0.0
34	0	0.0
35	0	0.0
-5	0	0.0
-4	0	0.0
-3	0	1.0
-2	1	0.0
-1	0	0.0
0	2	0.0
1	1	0.0
2	0	0.0
-26	0	0.0
-25	0	0.0
-24	0	0.0
-23	0	0.0
-22	0	0.0
-21	0	0.08
-20	0	0.0
-19	0	0.0
-18	0	0.0
-17	0	0.18
-16	0	0.1
-15	0	0.0
-14	0	0.0
-13	0	0.0
-12	0	0.0
-11	0	0.0
-10	0	0.08
-9	0	0.0
-8	0	0.0
-7	0	0.12
-6	0	0.0
-5	0	0.0
-4	1	0.0
-3	0	0.0
-2	0	0.44
-1	0	0.0
0	0	0.0
1	2	0.06
2	1	0.0
3	2	0.06
4	5	0.06
5	3	0.0
6	2	0.0
7	5	0.12
8	5	0.08
9	3	0.06666666666666667
10	3	0.13333333333333333
11	0	0.6666666666666666
12	0	0.16666666666666666
13	1	0.0
14	1	0.0
15	0	0.0
16	0	0.0
17	0	0.0
18	0	0.0
19	0	0.0
20	0	0.0
21	0	0.0
-20	0	0.0
-19	0	0.0
-18	0	0.0
-17	0	0.0
-16	0	0.0
-15	0	0.0
-14	0	0.0
-13	0	0.0
-12	0	0.0
-11	0	0.0
-10	0	0.0
-9	0	0.0
-8	0	0.0
-7	0	0.0
-6	0	0.0
-5	0	0.0
-4	0	0.0
-3	0	0.0
-2	0	0.0
-1	0	0.0
0	9	0.0
1	9	0.0
2	10	0.0
3	4	0.0
4	5	0.0
5	5	0.0
6	4	0.0
7	2	0.0
8	1	0.0
9	4	0.0
10	0	0.0
11	4	0.0
12	1	0.0
13	0	0.0
14	1	0.0
15	0	0.0
16	2	0.0
17	2	0.0
18	3	0.0
19	6	0.0
20	6	0.0
21	6	0.0
22	5	0.0
23	3	0.0
24	5	0.0
25	3	0.0
26	3	0.0
27	5	0.0
28	4	0.0
29	4	0.0
30	3	0.0
31	3	0.0
32	0	0.0
33	3	0.0
-22	0	0.0
-21	0	0.0
-12	0	2.0
-11	0	0.0
-10	0	0.0
-9	1	0.0
-8	0	0.0
-7	0	0.0
-6	0	0.0
-5	0	0.0
-4	0	0.0
-3	0	0.0
-2	0	0.0
-1	0	0.0
0	1	0.0
1	1	0.0
2	2	0.0
3	0	0.0
4	0	0.0
5	6	0.0
6	0	0.0
7	0	0.0
8	0	0.0
9	0	0.0
10	4	0.0
11	1	0.0
12	0	0.0
-29	0	0.0
-28	0	0.0
-27	0	0.0
-26	0	0.0
-25	0	0.0
-24	0	0.0
-23	0	0.0
-22	0	0.0
-21	0	0.0
-20	0	0.0
-19	0	0.0
-18	0	0.0
-17	0	0.0
-16	0	0.0
-15	0	0.0
-14	0	0.0
-13	0	0.0
-12	0	0.0
-11	0	0.0
-10	0	0.0
-9	0	0.0
-8	0	0.0
-7	0	0.0
-6	0	0.0
-5	0	0.0
-4	0	0.0
-3	0	0.0
-2	0	0.0
-1	0	0.0
0	9	0.0
1	2	0.0
2	1	0.0
3	0	0.0
4	0	0.0
5	0	0.0
6	0	0.0
7	0	0.0
8	0	0.0
9	0	0.0
10	0	0.0
11	0	0.0
12	0	0.0
13	0	0.0
14	0	0.0
15	0	0.0
16	0	0.0
17	0	0.0
18	0	0.0
19	0	0.0
-31	0	0.0
-30	0	0.0
-32	0	0.0
-10	0	0.2
-9	0	0.32
-8	0	0.0
-7	1	0.38
-6	0	0.36
-5	1	0.06
-4	0	0.16
-3	0	0.38
-2	0	0.14
-1	0	0.0
0	1	0.12
1	0	0.0
2	0	0.0
3	1	0.0
4	4	0.0
5	2	0.0
6	0	0.0
7	1	0.2926829268292683
8	1	0.0
9	1	0.07317073170731707
10	1	0.0
11	2	0.0
12	1	0.4146341463414634
13	1	0.34146341463414637
14	1	0.07317073170731707
15	0	0.0
16	3	0.0
17	1	0.0
18	0	0.0
19	0	0.10344827586206896
20	0	0.0
21	0	0.13636363636363635
22	0	0.15789473684210525
23	0	0.0
24	1	0.0
25	0	0.0
-17	0	0.0
-16	0	0.0
-15	0	0.0
-14	0	0.0
-13	0	0.0
-12	0	0.0
-11	0	0.0
-10	0	0.0
-9	0	0.0
-8	0	0.0
-7	0	0.0
-6	0	0.0
-5	0	0.0
-4	0	0.0
-3	0	0.0
-2	0	0.0
-1	0	0.0
0	2	0.0
1	1	0.0
2	2	0.0
3	2	0.0
4	0	0.0
5	0	0.0
6	1	0.0
7	0	0.0
8	0	0.0
9	2	0.0
-18	0	0.0
-19	0	0.0
-29	0	0.0
-28	0	0.0
-27	0	0.0
-26	0	0.0
-25	0	0.0
-24	0	0.0
-23	0	0.0
-22	0	0.0
-21	0	0.0
-20	0	0.0
-19	0	0.0
-18	0	0.0
-17	0	0.0
-16	0	0.0
-15	0	0.0
-14	0	0.0
-13	0	0.0
-12	0	0.0
-11	0	0.0
-10	0	0.0
-9	0	0.0
-8	0	0.0
-7	0	0.0
-6	0	0.0
-5	0	0.0
-4	0	0.0
-3	0	0.0
-2	0	0.0
-1	0	0.0
0	1	0.0
1	2	0.0
2	6	0.0
3	0	0.0
4	6	0.0
5	2	0.0
6	2	0.0
7	0	0.0
8	0	0.0
9	6	0.0
10	1	0.0
11	1	0.0
12	0	0.0
13	0	0.0
14	2	0.0
15	0	0.0
16	2	0.0
17	5	0.0
18	6	0.0
19	1	0.0
20	2	0.0
21	9	0.0
22	5	0.0
23	7	0.0
24	3	0.0
25	3	0.0
-31	0	0.0
-30	0	0.0
26	4	0.0
-10	0	0.0
-9	0	0.0
-8	0	0.0
-7	0	0.48
-6	0	0.0
-5	0	0.0
-4	0	0.0
-3	0	0.26
-2	1	0.26
-1	0	0.0
0	6	0.26
1	4	0.0
2	3	0.0
3	2	0.26
4	0	0.3333333333333333
5	0	0.3333333333333333
6	2	0.3333333333333333
7	2	0.0
8	0	0.0
9	0	1.0
10	0	1.5
-21	0	0.0
-20	0	0.0
-19	0	0.38
-18	0	0.0
-17	0	1.0
-16	0	0.0
-15	0	0.0
-14	0	0.0
-13	0	0.0
-12	0	0.0
-11	0	0.0
-10	0	0.0
-9	1	0.62
-8	1	0.62
-7	0	0.0
-6	0	0.0
-5	0	0.0
-4	0	0.0
-3	0	0.38
-2	1	0.0
-1	0	0.0
0	0	0.0
1	0	0.0
2	0	0.0
3	1	0.0
4	3	0.0
5	0	0.0
6	2	0.0
7	1	0.0
8	4	0.0
9	0	0.0
10	0	0.0
11	4	0.0
12	0	0.0
13	3	0.0
14	1	0.0
15	1	0.0
16	1	0.0
17	2	0.0
18	4	0.0
19	0	0.0
20	1	0.0
21	1	0.0
22	3	0.0
23	0	0.0
-6	0	0.0
-5	0	0.0
-4	0	0.0
-3	0	0.0
-2	0	0.0
-1	0	0.0
0	0	0.0
1	3	0.0
2	1	0.0
3	3	0.0
4	0	0.0
5	11	0.0
6	4	0.0
7	2	0.0
8	3	0.0
9	2	0.0
10	2	0.0
11	8	0.0
12	5	0.0
13	0	0.0
14	3	0.0
15	6	0.0
16	12	0.0
17	5	0.0
18	14	0.0
19	2	0.0
20	7	0.0
21	1	0.0
22	0	0.0
23	2	0.0
24	0	0.0
25	1	0.0
26	1	0.0
27	0	0.0
-7	0	0.0
-10	0	0.0
-9	0	0.38
-8	0	0.22
-7	0	0.0
-6	0	0.18
-5	0	0.0
-4	0	0.0
-3	1	0.0
-2	0	0.22
-1	0	0.0
0	2	0.0
1	3	0.0
2	2	0.0
3	1	0.0
4	1	0.0
5	2	0.0
6	0	0.0
7	1	0.0
8	0	0.0
9	0	0.0
10	0	0.0
11	0	0.0
-20	0	0.0
-19	0	0.0
-18	0	0.0
-17	0	0.0
-16	0	0.0
-15	0	0.0
-14	0	0.0
-13	0	0.0
-12	0	0.0
-11	0	0.0
-10	0	0.0
-9	0	0.0
-8	0	0.0
-7	0	0.0
-6	0	0.0
-5	0	0.0
-4	0	0.0
-3	0	0.0
-2	0	0.0
-1	0	0.0
0	1	0.0
1	0	0.0
2	1	0.0
3	0	0.0
4	2	0.0
5	0	0.0
6	0	0.0
7	2	0.0
8	2	0.0
9	2	0.0
10	0	0.0
-21	0	0.0
-22	0	0.0
-14	1	0.0
-13	0	0.0
-12	0	0.0
-11	1	0.0
-10	0	0.0
-9	0	0.0
-8	0	0.0
-7	0	0.0
-6	0	0.0
-5	0	0.0
-4	0	1.0
-3	0	0.0
-2	0	1.0
-1	1	1.0
0	1	2.0
1	1	0.0
2	3	1.0
-16	0	0.0
-15	2	1.0
-14	1	0.0
-13	1	0.0
-12	0	2.0
-11	1	0.0
-10	2	4.0
-9	0	1.0
-8	1	0.0
-7	1	2.0
-6	2	0.0
-5	1	0.0
-4	2	2.0
-3	2	2.0
-2	3	3.0
-1	1	1.0
0	3	6.0
1	1	4.0
2	3	0.0
3	5	4.0
4	2	2.0
5	6	0.0
6	4	2.0
7	2	6.0
8	5	4.0
9	7	4.0
10	1	1.0
11	13	1.0
12	10	1.0
-19	0	0.0
-18	1	0.22
-17	0	0.0
-16	0	0.44
-15	0	0.64
-14	0	0.22
-13	0	1.1
-12	1	0.22
-11	0	0.0
-10	0	0.98
-9	1	0.44
-8	1	0.9
-7	0	0.4
-6	0	0.42
-5	0	0.5
-4	0	0.88
-3	4	0.64
-2	1	0.42
-1	0	0.0
0	2	0.8
1	0	0.14
2	0	0.0
3	3	0.28
4	4	0.0
5	0	0.56
6	1	0.14
7	5	0.0
8	0	0.28
9	1	0.0
10	0	0.358974358974359
11	0	0.0
12	1	0.5
-20	0	0.0
-25	0	0.0
-24	1	0.0
-23	0	0.0
-22	0	0.0
-21	1	0.0
-20	0	0.0
-19	0	0.0
-18	0	0.0
-17	0	0.0
-16	0	0.0
-15	0	0.0
-14	0	0.0
-13	0	0.0
-12	0	0.0
-11	0	0.0
-10	0	0.0
-9	1	0.0
-8	0	0.0
-7	0	0.0
-6	0	1.0
-5	0	1.0
-4	0	0.0
-3	0	0.0
-2	0	1.0
-1	0	0.0
0	0	0.0
1	1	0.0
2	0	0.0
3	0	0.0
4	5	0.0
-23	0	0.0
-22	0	0.0
-21	0	0.0
-20	0	0.0
-19	0	0.0
-18	0	0.0
-17	0	0.0
-16	0	0.0
-15	0	0.0
-14	0	0.0
-13	0	0.0
-12	0	0.0
-11	0	0.0
-10	0	0.0
-9	0	0.0
-8	0	0.0
-7	0	0.0
-6	0	0.0
-5	0	0.0
-4	0	0.0
-3	0	0.02
-2	0	0.02
-1	0	0.0
0	0	0.0
1	0	0.0
2	0	0.0
3	1	0.0
4	2	0.0
5	1	0.0
6	7	0.0
7	0	0.0
8	1	0.0
9	0	0.0
10	0	0.0
11	0	0.0
12	0	0.0
13	0	0.0
14	1	0.022727272727272728
15	0	0.0
16	0	0.0
17	0	0.023255813953488372
18	0	0.0
19	0	0.0
20	0	0.0
21	0	0.0
22	0	0.0
23	0	0.0
24	0	0.0
25	0	0.0
26	0	0.0
27	0	0.0
28	0	0.0
-25	0	0.0
-24	0	0.0
-26	0	0.0
-13	0	0.0
-12	0	0.0
-11	0	0.0
-10	0	0.0
-9	0	0.0
-8	0	0.0
-7	0	0.0
-6	0	0.0
-5	0	0.0
-4	0	0.08
-3	1	0.38
-2	0	0.54
-1	0	0.0
0	3	0.26
1	0	0.12
2	1	0.06
3	1	0.0
4	0	0.06
5	1	0.16
6	3	0.18
7	1	0.1
8	0	0.14
9	0	0.0425531914893617
10	1	0.1276595744680851
11	1	0.0
12	3	0.0
13	1	0.14893617021276595
14	1	0.10638297872340426
15	0	0.06818181818181818
16	2	0.0
17	0	0.20454545454545456
18	1	0.0
19	1	0.0
20	0	0.14705882352941177
21	1	0.0
22	0	0.125
23	1	0.0
-22	0	0.0
-21	0	0.0
-20	0	0.0
-19	0	0.0
-18	0	0.0
-17	0	0.0
-16	0	0.0
-15	0	0.0
-14	0	0.0
-13	0	0.0
-12	0	0.0
-11	0	0.0
-10	0	0.0
-9	0	0.0
-8	0	0.0
-7	0	0.0
-6	0	0.0
-5	0	0.0
-4	0	0.0
-3	0	0.0
-2	0	0.0
-1	0	0.0
0	1	0.0
1	0	0.0
2	1	0.0
3	0	0.0
4	1	0.0
5	2	0.0
6	4	0.0
7	0	0.0
8	1	0.0
9	0	0.0
10	1	0.0
11	1	0.0
12	0	0.0
13	0	0.0
14	1	0.0
15	1	0.0
16	0	0.0
17	1	0.0
18	0	0.0
19	0	0.0
20	1	0.0
21	4	0.0
22	2	0.0
-23	0	0.0
23	3	0.0
24	2	0.0
25	1	0.0
26	1	0.0
27	0	0.0
28	1	0.0
29	1	0.0
-24	0	0.0
-20	0	0.0
-19	0	0.0
-18	0	0.0
-17	0	0.0
-16	0	0.0
-15	0	0.0
-14	0	0.0
-13	0	0.0
-12	0	0.0
-11	0	0.0
-10	0	0.0
-9	0	0.0
-8	0	0.0
-7	0	0.0
-6	0	0.0
-5	0	0.0
-4	0	0.0
-3	0	0.0
-2	0	0.0
-1	0	0.0
0	0	0.0
1	0	0.0
2	3	0.0
3	0	0.0
4	0	0.0
5	1	0.0
6	0	0.0
7	1	0.0
8	2	0.0
9	4	0.0
10	1	0.0
11	6	0.0
12	3	0.0
13	2	0.0
14	2	0.0
15	6	0.0
16	5	0.0
17	2	0.0
18	0	0.0
-22	0	0.0
-21	0	0.0
19	0	0.0
20	0	0.0
21	1	0.0
22	0	0.0
23	0	0.0
24	0	0.0
25	1	0.0
26	1	0.0
27	0	0.0
28	0	0.0
29	0	0.0
30	0	0.0
31	0	0.0
32	0	0.0
33	0	0.0
34	0	0.0
35	0	0.0
36	0	0.0
37	0	0.0
38	0	0.0
39	0	0.0
40	0	0.0
41	0	0.0
-14	0	0.0
-13	0	0.0
-12	0	0.0
-11	0	0.0
-10	0	0.0
-9	0	0.0
-8	0	0.0
-7	0	0.0
-6	0	0.0
-5	0	0.0
-4	0	0.0
-3	0	0.0
-2	0	0.0
-1	1	1.0
0	0	0.0
1	1	0.6
2	4	0.2
3	7	0.4
4	1	0.23809523809523808
5	5	0.0
6	4	0.0
7	9	0.0
8	13	1.3333333333333333
9	9	1.0
-10	0	0.0
-9	0	0.0
-8	0	0.0
-7	0	0.0
-6	0	0.0
-5	0	0.0
-4	0	0.0
-3	0	0.0
-2	0	0.0
-1	0	0.0
0	2	0.0
1	0	0.0
2	1	0.0
3	1	0.0
4	1	0.0
5	2	0.0
6	2	0.0
7	0	0.02127659574468085
8	2	0.0
9	1	0.0
10	0	0.0
11	0	0.0
12	0	0.0
13	0	0.0
14	0	0.0
15	0	0.0
16	0	0.0
17	0	0.0
18	0	0.0
19	0	0.0
20	0	0.0
21	0	0.0
22	0	0.0
23	1	0.0
24	1	0.0
25	0	0.0
-11	0	0.0
-11	0	0.0
-10	0	0.0
-9	0	0.0
-8	0	0.0
-7	0	0.0
-6	0	0.0
-5	0	0.0
-4	0	0.0
-3	0	0.0
-2	0	0.0
-1	1	1.0
0	0	0.0
1	0	1.0
2	2	0.0
3	0	2.0
4	0	0.0
5	4	0.0
6	2	2.0
7	6	0.0
8	0	0.0
9	0	0.0
10	0	0.0
11	0	0.0
12	0	0.0
13	2	0.0
14	1	0.0
15	0	1.0
16	1	0.0
17	2	1.0
18	0	0.0
19	3	0.0
20	2	0.0
21	0	0.0
22	4	0.0
23	1	0.0
24	4	0.0
25	5	0.0
26	2	0.0
-13	3	0.0
-12	0	0.44
-11	0	0.0
-10	0	0.54
-9	0	0.0
-8	1	0.56
-7	1	0.38
-6	0	0.26
-5	0	0.38
-4	0	0.38
-3	0	1.06
-2	1	1.26
-1	1	1.0
0	1	0.18
1	0	0.26
2	3	0.0
3	2	0.38
4	1	0.36
5	1	0.52
6	3	0.18
7	0	0.72
8	1	0.62
9	0	0.0
10	3	0.44
11	1	1.16
12	2	0.44
13	1	0.0
14	1	0.8
15	1	0.0
16	1	0.54
17	0	0.36
18	0	0.44
19	0	0.54
20	0	0.18
21	0	0.0
22	0	0.0
23	0	0.0
24	0	0.7857142857142857
25	0	1.6071428571428572
-15	0	0.0
-14	0	0.0
-6	0	0.0
-5	0	0.0
-4	0	0.0
-3	0	0.0
-2	0	0.0
-1	1	1.0
0	2	0.0
1	2	0.0
2	0	0.26
3	3	0.0
4	0	0.24
5	0	0.0
6	0	0.0
7	3	0.0
8	0	0.0
9	5	0.0
10	0	0.0
-11	0	0.0
-10	1	0.0
-9	0	0.0
-8	0	0.0
-7	0	0.0
-6	0	0.0
-5	0	0.0
-4	2	1.0
-3	1	2.0
-2	0	1.0
-1	1	1.0
0	4	1.0
1	4	0.0
2	0	1.0
3	7	0.0
4	3	0.0
5	2	0.0
6	1	0.0
7	3	0.0
8	7	0.0
9	5	0.0
10	1	0.0
11	0	0.0
12	2	0.0
13	3	0.0
14	1	0.0
15	1	0.0
16	1	0.0
17	0	0.0
18	0	0.0
19	1	0.0
20	1	0.0
21	0	0.0
22	0	0.0
23	0	0.0
24	0	0.0
25	2	0.0
26	0	0.0
27	0	0.0
28	1	0.0
29	0	0.0
30	2	0.0
31	1	0.0
32	0	0.0
33	0	0.0
34	0	0.0
35	0	0.0
36	0	0.0
37	0	0.0
38	0	0.0
39	0	0.0
40	0	0.0
41	0	0.0
42	0	0.0
43	0	0.0
44	0	0.0
-10	0	0.14
-9	0	0.0
-8	0	0.0
-7	0	0.3
-6	0	0.26
-5	0	0.0
-4	1	0.0
-3	0	0.0
-2	0	0.3
-1	0	0.0
0	1	0.0
1	1	0.0
2	1	0.0
3	0	0.3
4	1	0.0
5	1	0.0
6	2	0.0
7	0	0.0
8	4	0.3488372093023256
9	3	0.0
10	2	0.0
11	0	0.0
12	0	0.0
13	0	0.0
-20	0	0.0
-19	0	0.0
-18	0	0.0
-17	0	0.0
-16	0	0.0
-15	0	0.0
-14	0	0.0
-13	0	0.0
-12	0	0.0
-11	0	0.0
-10	0	0.0
-9	0	0.0
-8	0	0.0
-7	0	0.0
-6	0	0.0
-5	0	0.0
-4	0	0.0
-3	0	0.0
-2	0	0.0
-1	0	0.0
0	2	0.0
1	3	0.0
2	2	0.0
3	6	0.0
4	1	0.0
5	4	0.0
6	4	0.0
7	3	0.0
8	0	0.0
9	1	0.0
10	4	0.0
11	2	0.0
12	4	0.0
13	4	0.0
14	2	0.022727272727272728
15	2	0.0
16	5	0.0
17	1	0.0
18	1	0.0
19	3	0.0
20	3	0.0
21	2	0.0
22	4	0.0
23	5	0.0
24	6	0.0
25	1	0.0
26	0	0.0
27	0	0.0
28	0	0.0
29	1	0.0
30	0	0.0
-21	0	0.0
-13	0	0.0
-12	0	0.0
-11	0	0.0
-10	0	0.0
-9	0	0.0
-8	0	0.0
-7	0	0.0
-6	0	0.0
-5	0	0.0
-4	0	0.0
-3	0	2.0
-2	2	0.0
-1	2	2.0
0	0	0.0
1	0	0.0
2	6	1.0
3	8	0.0
4	0	0.0
5	0	0.0
6	6	0.0
7	0	0.0
8	0	0.0
9	8	0.0
10	10	0.0
11	1	0.0
12	4	0.0
13	0	0.0
14	12	0.0
15	1	0.0
16	1	0.0
17	0	0.0
18	1	0.0
19	0	0.0
20	1	0.0
21	0	0.0
22	2	0.0
23	0	0.0
24	1	0.0
25	0	0.0
26	0	0.0
27	0	0.0
28	0	0.0
29	0	0.0
-8	0	0.0
-7	0	0.0
-6	1	0.0
-5	0	0.0
-4	1	1.0
-3	0	1.0
-2	0	0.0
-1	4	4.0
0	1	0.0
1	0	0.0
2	1	1.0
3	1	0.0
4	3	0.0
5	5	0.0
6	2	0.0
7	2	0.0
8	8	0.0
9	5	0.0
10	4	0.0
11	1	0.0
-1	1	1.0
0	2	0.18
1	0	0.06
2	4	0.925
3	1	0.55
4	1	0.1
5	8	0.4
6	0	0.2571428571428571
7	6	0.2571428571428571
8	2	0.5428571428571428
9	2	0.17142857142857143
10	3	0.0
11	3	0.45161290322580644
12	3	0.0
13	5	0.7096774193548387
14	2	0.12903225806451613
15	4	0.0
16	5	0.0
17	4	0.16129032258064516
18	6	0.0
19	5	0.0
20	1	0.0
21	4	0.0
22	3	0.0
23	3	0.11538461538461539
24	2	0.0
25	4	0.0
26	9	0.11538461538461539
27	1	0.0
28	4	0.14285714285714285
29	1	0.0
30	0	0.0
31	0	0.0
-13	0	0.0
-12	0	0.0
-11	0	0.0
-10	0	0.0
-9	0	0.0
-8	0	0.0
-7	0	0.0
-6	0	0.0
-5	0	0.0
-4	0	0.0
-3	0	0.0
-2	0	0.0
-1	0	0.0
0	0	0.0
1	2	0.0
2	3	0.0
3	4	0.0
4	0	0.0
5	0	0.0
6	0	0.0
7	0	0.0
8	3	0.0
9	0	0.0
10	1	0.0
11	0	0.0
12	0	0.0
13	0	0.0
14	0	0.0
15	0	0.0
16	0	0.0
17	0	0.0
18	0	0.0
19	0	0.0
20	0	0.0
21	0	0.0
22	0	0.0
23	0	0.0
24	0	0.0
25	0	0.0
26	0	0.0
27	0	0.0
28	0	0.0
29	0	0.0
30	0	0.0
31	0	0.0
32	0	0.0
-14	0	0.0
-13	0	0.42
-12	1	1.0
-11	0	0.0
-10	0	0.58
-9	0	0.42
-8	0	0.0
-7	3	0.42
-6	0	1.16
-5	0	1.0
-4	0	0.42
-3	2	1.58
-2	1	0.0
-1	1	1.0
0	3	2.32
1	0	0.42
2	5	0.58
3	2	0.58
4	4	0.0
5	6	0.58
6	5	0.0
7	1	0.0
8	3	0.0
9	1	0.0
10	0	0.0
11	0	0.0
12	1	0.42
13	0	0.0
14	0	0.0
-11	0	0.0
-10	0	0.0
-9	0	0.0
-8	0	2.0
-7	0	2.0
-6	0	1.0
-5	0	0.0
-4	0	0.0
-3	5	0.0
-2	0	0.0
-1	0	0.0
0	0	0.0
1	1	0.0
2	1	0.0
3	0	0.0
4	0	0.0
5	1	0.0
6	0	0.0
7	4	0.0
8	4	0.0
9	0	0.0
10	2	0.0
11	6	0.0
-19	0	0.0
-18	0	0.0
-17	0	0.0
-16	0	0.0
-15	0	0.0
-14	0	0.0
-13	0	0.0
-12	0	0.0
-11	0	0.0
-10	0	0.0
-9	0	0.0
-8	0	0.0
-7	0	0.0
-6	0	0.0
-5	0	0.0
-4	0	0.0
-3	0	0.0
-2	0	0.0
-1	0	0.0
0	4	0.0
1	0	0.0
2	5	0.0
3	2	0.0
4	1	0.0
5	8	0.0
6	4	0.0
7	1	0.0
8	0	0.0
9	0	0.0
10	0	0.0
11	1	0.0
12	1	0.0
13	0	0.0
14	1	0.0
15	0	0.0
16	0	0.0
17	0	0.0
18	6	0.0
19	5	0.0
20	8	0.0
-20	0	0.0
21	6	0.0
22	2	0.0
23	1	0.0
24	6	0.0
25	0	0.0
26	3	0.0
27	1	0.0
28	1	0.0
29	0	0.0
-21	0	0.0
-18	1	0.18
-17	0	0.18
-16	0	0.0
-15	1	0.18
-14	1	0.0
-13	0	0.18
-12	0	0.0
-11	0	0.38
-10	4	1.76
-9	0	1.7
-8	0	0.18
-7	0	0.56
-6	0	0.18
-5	1	1.5
-4	1	0.38
-3	0	1.26
-2	2	1.14
-1	0	0.0
0	1	0.56
1	1	0.88
2	2	0.0
3	2	0.44
4	3	0.0
5	1	0.44
-19	0	0.32142857142857145
6	0	0.0
7	1	0.6428571428571429
8	3	0.0
9	6	0.32142857142857145
10	7	0.32142857142857145
11	0	0.6428571428571429
12	1	0.0
-20	0	1.0
-10	0	0.0
-9	0	0.0
-8	0	0.0
-7	0	0.0
-6	0	0.02
-5	0	0.0
-4	0	0.0
-3	0	0.0
-2	0	0.0
-1	0	0.0
0	4	0.0
1	2	0.0
2	1	0.0
3	0	0.0
4	1	0.0
5	0	0.0
6	0	0.0
7	1	0.0
-11	0	0.0
8	1	0.0
9	0	0.0
10	0	0.0
11	0	0.0
12	0	0.043478260869565216
13	0	0.0
-13	0	0.0
-12	0	0.0
-11	0	0.0
-10	0	0.0
-9	0	0.0
-8	0	0.0
-7	0	0.0
-6	0	0.0
-5	0	0.0
-4	0	0.0
-3	0	0.0
-2	0	0.0
-1	0	0.0
0	0	0.0
1	1	0.0
2	0	0.0
3	0	0.0
4	0	0.0
5	2	0.0
6	1	0.0
7	5	0.0
8	0	0.0
9	3	0.0
10	1	0.0
11	3	0.0
12	1	0.0
-14	0	0.0
-18	0	0.0
-17	0	0.0
-16	0	0.0
-15	0	0.0
-14	0	0.0
-13	0	0.0
-12	0	0.0
-11	0	0.0
-10	0	0.0
-9	0	0.0
-8	0	0.0
-7	0	0.0
-6	0	0.0
-5	0	0.0
-4	0	0.0
-3	0	0.22
-2	1	0.78
-1	0	0.0
0	2	0.22
1	3	0.0
2	1	0.0
3	3	0.44
4	1	0.0
5	0	0.0
6	0	0.0
7	0	0.0
8	2	0.0
9	2	0.0
10	0	0.0
11	2	0.2619047619047619
12	0	0.0
13	2	0.7096774193548387
14	1	0.0
15	3	0.0
16	0	0.0
17	1	0.5238095238095238
18	0	0.0
19	0	0.0
20	0	0.0
21	0	0.0
-29	0	0.0
-28	0	0.0
-27	0	0.0
-26	0	0.0
-25	0	0.0
-24	0	0.0
-23	0	0.0
-22	0	0.0
-21	0	0.0
-20	0	0.0
-19	0	0.0
-18	0	0.0
-17	0	0.0
-16	0	0.0
-15	0	0.0
-14	0	0.0
-13	0	0.0
-12	0	0.0
-11	0	0.0
-10	0	0.0
-9	0	0.0
-8	0	0.0
-7	0	0.0
-6	0	0.0
-5	0	0.0
-4	0	0.0
-3	0	0.0
-2	0	0.0
-1	0	0.0
0	0	0.0
1	1	0.0
2	1	0.0
3	2	0.0
4	0	0.0
5	1	0.0
6	2	0.0
7	1	0.0
8	1	0.0
9	5	0.0
10	1	0.0
11	1	0.0
-23	0	0.0
-22	0	0.0
-21	0	0.0
-20	0	0.0
-19	0	0.0
-18	0	0.0
-17	0	0.0
-16	0	0.0
-15	0	0.0
-14	0	0.0
-13	0	0.0
-12	0	0.0
-11	0	0.0
-10	0	0.0
-9	0	0.0
-8	0	0.0
-7	0	0.0
-6	0	0.0
-5	0	0.0
-4	0	0.0
-3	0	0.0
-2	0	0.0
-1	0	0.0
0	3	0.0
1	2	0.0
2	2	0.0
3	2	0.0
4	1	0.0
5	0	0.0
6	0	0.0
7	3	0.0
8	0	0.0
9	0	0.0
10	0	0.0
11	0	0.0
12	0	0.0
13	0	0.0
14	0	0.0
15	0	0.0
16	0	0.0
17	0	0.0
18	0	0.0
19	0	0.0
20	0	0.0
21	0	0.0
22	0	0.0
23	0	0.0
24	0	0.0
25	0	0.0
26	0	0.0
-26	0	0.0
-25	0	0.0
-24	0	0.0
-1	0	0.0
0	1	0.0
-22	0	0.0
-21	0	0.0
-20	0	0.0
-19	0	0.0
-18	0	0.0
-17	0	0.0
-16	0	0.0
-15	0	0.0
-14	0	0.0
-13	0	0.0
-12	0	0.0
-11	0	0.0
-10	0	0.0
-9	0	0.0
-8	0	0.0
-7	1	0.0
-6	0	0.0
-5	0	0.0
-4	0	0.0
-3	0	0.0
-2	0	1.0
-1	0	0.0
0	1	0.0
1	1	0.0
2	6	0.48
3	9	0.96
4	10	0.48
5	8	2.88
6	7	0.0
7	1	0.0
8	11	0.0
9	0	0.0
10	0	0.0
11	0	0.0
12	2	0.0
13	1	0.0
14	1	0.0
15	1	0.0
16	0	0.0
17	0	0.0
18	0	0.0
19	0	0.0
20	0	0.0
21	0	0.0
-16	0	0.0
-15	0	0.0
-14	0	0.0
-13	0	0.0
-12	0	0.0
-11	0	0.0
-10	0	0.0
-9	0	0.0
-8	0	0.0
-7	0	0.0
-6	0	0.0
-5	0	0.0
-4	0	0.0
-3	0	0.0
-2	0	0.0
-1	0	0.0
0	2	0.0
1	2	0.0
2	4	0.0
3	0	0.0
4	1	0.0
5	1	0.0
6	0	0.0
7	1	0.0
8	0	0.0
9	1	0.0
-17	0	0.0
10	3	0.0
11	1	0.0
12	2	0.0
13	5	0.0
14	3	0.0
15	3	0.02702702702702703
16	3	0.0
17	0	0.0
18	11	0.0
19	0	0.0
20	5	0.0
21	2	0.0
22	3	0.0
23	3	0.0
24	4	0.0
25	4	0.0
26	0	0.0
-18	0	0.0
-24	0	0.0
-23	0	0.0
-22	0	0.0
-21	0	0.0
-20	0	0.0
-19	0	0.0
-18	0	0.0
-17	0	0.0
-16	0	0.0
-15	0	0.0
-14	0	0.0
-13	0	0.0
-12	0	0.0
-11	1	1.0
-10	0	0.0
-9	0	1.0
-8	0	0.0
-7	0	0.0
-6	1	0.0
-5	1	0.0
-4	0	0.0
-3	0	2.0
-2	1	0.0
-1	1	1.0
0	1	0.0
1	0	0.0
2	4	0.0
3	2	1.0
4	3	0.0
5	3	1.0
6	1	0.0
7	6	0.0
8	3	0.0
9	4	1.0
10	4	0.0
11	2	0.0
-9	0	0.02
-8	0	0.06
-7	0	0.1
-6	0	0.14
-5	0	0.28
-4	0	0.06
-3	0	0.1
-2	1	0.24
-1	0	0.0
0	1	0.02
1	0	0.14
2	1	0.08
3	0	0.0
4	2	0.10869565217391304
5	3	0.08695652173913043
6	1	0.08695652173913043
7	1	0.15217391304347827
8	1	0.0
9	2	0.043478260869565216
10	0	0.0
11	3	0.13043478260869565
12	1	0.0
13	0	0.0
14	1	0.0
15	0	0.0
16	0	0.0
17	1	0.0
18	0	0.0
19	0	0.0
20	0	0.0
21	0	0.0
22	0	0.0
23	1	0.0
24	0	0.0
25	0	0.0
26	0	0.0
27	0	0.0
28	0	0.0
29	0	0.0
30	0	0.0
-10	0	0.0
-9	0	0.0
-8	0	0.0
-7	0	0.0
-6	0	0.0
-5	0	0.0
-4	0	0.0
-3	0	0.0
-2	0	0.0
-1	0	0.0
0	0	0.0
1	1	0.0
2	0	0.0
3	2	0.0
4	0	0.0
5	6	0.0
6	2	0.0
7	1	0.0
8	3	0.0
9	1	0.0
10	0	0.0
11	1	0.0
12	0	0.0
-11	0	0.0
13	1	0.0
14	0	0.0
15	0	0.0
16	1	0.0
17	1	0.0
18	0	0.0
19	0	0.0
20	0	0.0
21	0	0.0
22	0	0.0
23	0	0.0
24	0	0.0
25	0	0.0
26	1	0.0
27	1	0.0
-10	0	0.0
-9	0	0.0
-8	0	0.0
-7	0	0.0
-6	0	0.0
-5	0	0.0
-4	0	0.0
-3	0	0.0
-2	0	0.0
-1	0	0.0
0	12	0.0
1	0	0.0
2	7	0.0
3	4	0.0
4	1	0.0
5	10	0.0
6	8	0.0
7	5	0.0
8	3	0.0
9	0	0.0
10	0	0.0
11	0	0.0
12	1	0.0
13	0	0.021739130434782608
14	0	0.0
15	0	0.0
16	1	0.0
17	6	0.022727272727272728
18	0	0.0
19	0	0.0
20	3	0.0
21	3	0.0
22	2	0.0
23	2	0.0
24	0	0.0
25	3	0.0
26	0	0.0
27	3	0.0
28	0	0.0
29	1	0.0
30	0	0.0
31	1	0.0
32	1	0.0
-11	0	0.0
-15	0	0.0
-14	0	0.0
-13	0	0.0
-12	0	0.0
-11	0	0.0
-10	0	0.0
-9	0	0.0
-8	0	0.0
-7	0	0.0
-6	0	0.0
-5	0	0.0
-4	0	0.0
-3	0	0.0
-2	0	0.0
-1	0	0.0
0	1	0.0
1	1	0.0
2	1	0.0
3	4	0.0
4	1	0.0
5	2	0.0
6	1	0.0
7	0	0.0
8	0	0.0
9	0	0.0
10	0	0.0
11	0	0.0
12	0	0.0
13	0	0.0
14	0	0.0
15	0	0.0
16	0	0.0
17	0	0.0
18	0	0.0
19	0	0.0
20	0	0.0
21	0	0.0
-16	0	0.0
-17	0	0.0
-10	0	0.0
-9	0	0.48
-8	0	0.0
-7	0	0.0
-6	0	0.52
-5	2	0.0
-4	0	1.0
-3	0	0.0
-2	0	0.0
-1	0	0.0
0	1	0.0
1	0	0.0
2	1	0.0
3	4	0.0
4	1	0.0
5	2	0.0
6	0	0.0
7	1	0.0
8	0	0.0
9	0	0.0
10	0	0.0
11	0	0.0
12	0	0.0
13	0	0.0
14	0	0.0
15	1	0.0
16	0	0.0
17	1	0.0
18	2	0.0
19	0	0.0
20	1	0.0
21	3	0.0
22	0	0.0
23	0	0.0
-15	0	0.0
-14	0	0.02
-13	0	0.0
-12	0	0.0
-11	0	0.04
-10	0	0.0
-9	0	0.0
-8	0	0.0
-7	0	0.0
-6	0	0.0
-5	0	0.0
-4	0	0.02
-3	0	0.0
-2	0	0.0
-1	0	0.0
0	0	0.0
1	1	0.0
2	1	0.0
3	2	0.0
4	2	0.0
5	0	0.0
6	1	0.02127659574468085
7	2	0.021739130434782608
8	0	0.06521739130434782
9	1	0.025
10	1	0.08823529411764706
11	0	0.03125
12	1	0.03225806451612903
-17	0	0.0
-16	0	0.0
-25	0	0.0
-24	0	0.0
-23	0	0.0
-22	0	0.0
-21	0	0.0
-20	0	0.0
-19	0	0.0
-18	0	0.0
-17	0	0.0
-16	0	0.0
-15	0	0.0
-14	0	0.0
-13	0	0.0
-12	0	0.0
-11	0	0.0
-10	0	0.0
-9	0	0.0
-8	0	0.0
-7	0	0.0
-6	0	0.0
-5	0	0.0
-4	0	0.0
-3	0	0.0
-2	0	0.0
-1	0	0.0
0	0	0.0
1	0	0.0
2	0	0.0
3	0	0.0
4	4	0.0
5	0	0.0
6	3	0.0
7	0	0.0
8	0	0.0
9	3	0.0
10	0	0.0
11	2	0.0
-26	0	0.0
-29	0	0.0
-28	0	0.0
-27	0	0.0
-26	0	0.0
-25	0	0.0
-24	0	0.0
-23	0	0.0
-22	0	0.0
-21	0	0.0
-20	0	0.0
-19	0	0.0
-18	0	0.0
-17	0	0.0
-16	0	0.0
-15	0	0.0
-14	0	0.0
-13	0	0.0
-12	0	0.0
-11	0	0.0
-10	0	0.0
-9	0	0.0
-8	0	0.0
-7	0	0.0
-6	0	0.0
-5	0	0.0
-4	0	0.0
-3	0	0.0
-2	0	0.0
-1	0	0.0
0	5	0.0
1	1	0.0
2	0	0.0
3	0	0.0
4	0	0.0
5	4	0.0
6	1	0.0
7	3	0.0
8	1	0.0
9	2	0.0
10	0	0.0
-30	0	0.0
-32	0	0.0
-31	0	0.0
-9	0	0.0
-8	0	0.0
-7	0	0.18
-6	1	0.0
-5	0	0.0
-4	1	0.34
-3	0	0.56
-2	0	0.92
-1	1	1.0
0	1	0.48
1	1	0.24324324324324326
2	7	0.24324324324324326
3	1	0.24324324324324326
4	2	0.0
5	3	0.9459459459459459
6	1	0.24324324324324326
7	1	0.7297297297297297
8	3	0.24324324324324326
9	1	0.0
10	0	1.0
11	0	0.0
-16	0	0.0
-15	0	0.0
-14	0	0.0
-13	0	0.0
-12	0	0.0
-11	0	1.0
-10	0	1.0
-9	0	1.0
-8	1	0.0
-7	0	0.0
-6	0	0.0
-5	0	0.0
-4	1	0.0
-3	0	1.0
-2	2	0.0
-1	0	0.0
0	3	0.0
1	6	0.0
2	4	0.0
3	1	0.0
4	2	1.0
5	3	0.0
6	2	1.0
7	0	0.0
8	0	0.0
9	0	0.0
10	0	0.0
11	0	0.0
12	1	0.0
13	0	0.0
-21	0	0.0
-20	0	0.0
-19	1	0.0
-18	0	0.0
-17	0	0.0
-16	0	0.0
-15	0	0.32
-14	0	0.26
-13	0	0.2
-12	0	0.68
-11	0	0.0
-10	0	0.16
-9	0	0.0
-8	1	0.38
-7	0	0.26
-6	0	0.0
-5	0	0.2
-4	1	0.0
-3	0	0.16
-2	0	0.38
-1	0	0.0
0	1	0.0
1	1	0.16
2	2	0.0
3	2	0.0
4	2	0.0
5	5	0.0
6	1	0.0
7	0	0.0
8	1	0.0
9	0	0.0
10	0	0.0
11	0	0.0
12	0	0.0
13	0	0.0
14	1	0.0
15	0	0.0
16	3	0.0
17	0	0.0
18	0	0.0
19	1	0.0
20	6	0.0
21	0	0.0
22	0	0.0
23	0	0.0
24	3	0.0
25	2	0.0
-9	0	0.0
-8	0	0.0
-7	0	0.0
-6	0	0.0
-5	1	2.0
-4	0	0.0
-3	0	0.0
-2	1	0.0
-1	0	0.0
0	1	0.0
1	1	0.0
2	1	0.0
3	1	0.0
4	2	0.0
5	2	0.0
6	1	0.0
7	0	0.0
8	0	0.0
9	2	0.0
-6	0	0.0
-5	0	0.0
-4	0	0.0
-3	0	0.0
-2	0	0.0
-1	0	0.0
0	3	0.0
1	2	0.0
2	0	0.0
3	0	0.0
4	0	0.0
5	3	0.0
6	1	0.0
7	0	0.0
8	2	0.0
9	0	0.0
10	0	0.0
11	0	0.0
12	0	0.0
13	0	0.0
14	1	0.0
15	1	0.0
16	0	0.0
17	0	0.0
18	0	0.0
19	0	0.0
20	0	0.0
21	0	0.0
22	0	0.0
23	0	0.0
24	0	0.0
25	0	0.0
-7	0	0.0
26	0	0.0
27	0	0.0
28	0	0.0
29	0	0.0
30	0	0.0
31	0	0.0
32	0	0.0
-14	0	0.0
-13	0	0.0
-12	0	0.0
-11	0	0.0
-10	0	0.0
-9	0	0.0
-8	0	0.0
-7	0	0.0
-6	0	0.0
-5	0	0.0
-4	0	0.0
-3	0	0.0
-2	0	0.0
-1	0	0.0
0	2	0.02
1	2	0.0
2	0	0.0
3	4	0.0
4	0	0.0
5	0	0.0
6	3	0.0
7	2	0.0
8	1	0.0
9	1	0.0
10	1	0.0
11	2	0.0
12	0	0.0
-15	0	0.0
-16	0	0.0
-17	0	0.0
-16	0	0.0
-15	0	0.0
-14	0	0.0
-13	0	0.0
-12	0	0.0
-11	0	0.0
-10	0	0.0
-9	0	0.0
-8	0	0.0
-7	0	0.0
-6	0	0.0
-5	0	0.0
-4	0	0.0
-3	0	0.0
-2	0	0.0
-1	0	0.0
0	2	0.0
1	2	0.0
2	2	0.0
3	2	0.0
4	4	0.0
5	3	0.0
6	0	0.0
7	0	0.0
8	1	0.0
9	2	0.0
10	2	0.0
11	1	0.0
12	0	0.02631578947368421
13	1	0.0
14	0	0.0
15	1	0.0
16	2	0.0
17	0	0.0
18	0	0.0
19	0	0.0
20	3	0.0
21	1	0.0
22	0	0.0
-18	0	0.0
-34	0	0.02
-33	0	0.02
-32	0	0.06
-31	0	0.04
-30	0	0.02
-29	0	0.0
-28	0	0.0
-27	0	0.04
-26	0	0.0
-25	0	0.0
-24	0	0.02
-23	0	0.04
-22	0	0.08
-21	0	0.02
-20	0	0.02
-19	0	0.02
-18	0	0.0
-17	0	0.0
-16	0	0.0
-15	0	0.0
-14	0	0.06
-13	0	0.06
-12	0	0.02
-11	0	0.04
-10	0	0.06
-9	0	0.06
-8	0	0.02
-7	0	0.0
-6	0	0.0
-5	0	0.04
-4	0	0.02
-3	0	0.06
-2	1	0.16
-1	0	0.0
0	3	0.0
1	1	0.0
2	6	0.02040816326530612
3	1	0.04081632653061224
4	5	0.0
5	0	0.0
6	1	0.0
7	1	0.0
8	1	0.02857142857142857
9	1	0.0
10	1	0.0
11	0	0.0
-35	0	0.0
-36	0	0.0
-37	0	0.0
-28	0	0.0
-27	0	0.0
-26	0	0.0
-25	0	0.0
-24	0	0.0
-23	0	0.0
-22	0	0.0
-21	0	0.0
-20	0	0.0
-19	0	0.0
-18	0	0.0
-17	0	0.0
-16	0	0.0
-15	0	0.0
-14	0	0.0
-13	0	0.0
-12	0	0.0
-11	0	0.0
-10	0	0.0
-9	0	0.0
-8	0	0.0
-7	0	0.0
-6	0	0.0
-5	0	0.0
-4	0	0.0
-3	0	0.0
-2	0	0.0
-1	0	0.0
0	7	0.0
1	6	0.0
2	5	0.0
3	7	0.0
4	9	0.0
5	8	0.0
6	12	0.0
7	4	0.0
8	4	0.0
9	3	0.0
10	3	0.0
11	5	0.0
12	0	0.0
13	1	0.0
14	1	0.0
15	1	0.0
16	2	0.0
17	0	0.0
18	1	0.0
19	1	0.0
20	1	0.0
21	1	0.0
22	0	0.0
23	0	0.0
24	1	0.0
25	1	0.0
26	0	0.0
-30	0	0.0
-29	0	0.0
-31	0	0.0
